<?xml version='1.0' encoding='UTF-8'?>
<archive xmlns:SOAP-ENV="http://schemas.xmlsoap.org/soap/envelope/" xmlns:SOAP-ENC="http://schemas.xmlsoap.org/soap/encoding/" xmlns:xsd="http://www.w3.org/2001/XMLSchema" xmlns:xsi="http://www.w3.org/2001/XMLSchema-instance" xmlns:bus="http://developer.cognos.com/schemas/bibus/3/" xmlns:cm="http://developer.cognos.com/schemas/bibus/3/">
<!-- CM Build=8.4.6013.0 -->
  <objects>
	<object>
		<class>package</class>
		<name>Search</name>
		<id>1</id>
		<parentId>0</parentId>
		<storeID>iA5C6C63047D542E28E3EDE60A3D8D3E7</storeID>
		<props>
			<creationTime>
				<value>2006-12-08T13:37:58.153Z</value>
			</creationTime>
			<modificationTime>
				<value>2010-10-08T17:44:39.130Z</value>
			</modificationTime>
			<name>
				<value><item><locale xsi:type="xsd:string">en</locale><value xsi:type="xsd:string">Search</value></item>
</value>
			</name>
			<disabled>
				<value>false</value>
			</disabled>
			<owner>
				<value><item><searchPath xsi:type="cm:stringProp">
	<value xsi:type="xsd:string" xml:space="preserve">CAMID(&quot;::Anonymous&quot;)</value>
</searchPath>
<storeID xsi:type="cm:guidProp">
	<value xsi:type="cm:guid" xml:space="preserve">xOjpBbm9ueW1vdXM_</value>
</storeID></item>
</value>
			</owner>
			<displaySequence>
				<value>0</value>
			</displaySequence>
			<hidden>
				<value>false</value>
			</hidden>
			<viewed>
				<value>false</value>
			</viewed>
			<retentions>
				<value><item><objectClass xsi:type="cm:classEnum">model</objectClass><prop xsi:type="cm:propEnum">creationTime</prop><maxObjects xsi:type="xsd:integer">1</maxObjects></item>
</value>
			</retentions>
			<defaultPortalAction>
				<value>view</value>
			</defaultPortalAction>
			<userInterfaces>
				<value><item>eventStudio</item>
<item>analysisStudio</item>
<item>queryStudio</item>
<item>reportStudio</item>
</value>
			</userInterfaces>
		</props>
	</object>
	<object>
		<class>packageConfiguration</class>
		<name>Search</name>
		<parentId>1</parentId>
		<storeID>iDC39758141F447998FBBE73868E9E991</storeID>
		<props>
			<creationTime>
				<value>2006-12-08T13:37:58.887Z</value>
			</creationTime>
			<modificationTime>
				<value>2006-12-08T13:37:58.887Z</value>
			</modificationTime>
			<name>
				<value><item><locale xsi:type="xsd:string">en</locale><value xsi:type="xsd:string">Search</value></item>
</value>
			</name>
			<owner>
				<value><item><searchPath xsi:type="cm:stringProp">
	<value xsi:type="xsd:string" xml:space="preserve">CAMID(&quot;::Anonymous&quot;)</value>
</searchPath>
<storeID xsi:type="cm:guidProp">
	<value xsi:type="cm:guid" xml:space="preserve">xOjpBbm9ueW1vdXM_</value>
</storeID></item>
</value>
			</owner>
			<displaySequence>
				<value>0</value>
			</displaySequence>
			<hidden>
				<value>false</value>
			</hidden>
			<viewed>
				<value>false</value>
			</viewed>
			<crosstabItemDisplayCountDefault>
				<value>5</value>
			</crosstabItemDisplayCountDefault>
			<crosstabItemDisplayCountLimit>
				<value>20</value>
			</crosstabItemDisplayCountLimit>
			<memberDisplayCountDefault>
				<value>20</value>
			</memberDisplayCountDefault>
			<memberDisplayCountLimit>
				<value>50</value>
			</memberDisplayCountLimit>
		</props>
	</object>
	<object>
		<class>model</class>
		<name>model</name>
		<id>2</id>
		<parentId>1</parentId>
		<storeID>iC444E6056DFB4FD0ACD5374620DC7BAC</storeID>
		<props>
			<creationTime>
				<value>2010-10-08T17:44:39.130Z</value>
			</creationTime>
			<modificationTime>
				<value>2010-10-08T17:44:39.208Z</value>
			</modificationTime>
			<name>
				<value><item><locale xsi:type="xsd:string">en</locale><value xsi:type="xsd:string">model</value></item>
</value>
			</name>
			<owner>
				<value><item><searchPath xsi:type="cm:stringProp">
	<value xsi:type="xsd:string" xml:space="preserve">CAMID(&quot;::Anonymous&quot;)</value>
</searchPath>
<storeID xsi:type="cm:guidProp">
	<value xsi:type="cm:guid" xml:space="preserve">xOjpBbm9ueW1vdXM_</value>
</storeID></item>
</value>
			</owner>
			<displaySequence>
				<value>0</value>
			</displaySequence>
			<hidden>
				<value>false</value>
			</hidden>
			<viewed>
				<value>false</value>
			</viewed>
			<model>
				<value href="0.dat" size="106072"/>
			</model>
		</props>
	</object>
	<object>
		<class>modelView</class>
		<name>[].[securityViews].[Search]</name>
		<parentId>2</parentId>
		<storeID>i5B66ABB7982A4F5194AD7AFA10722615</storeID>
		<props>
			<creationTime>
				<value>2010-10-08T17:44:39.208Z</value>
			</creationTime>
			<modificationTime>
				<value>2010-10-08T17:44:39.208Z</value>
			</modificationTime>
			<name>
				<value><item><locale xsi:type="xsd:string">en</locale><value xsi:type="xsd:string">[].[securityViews].[Search]</value></item>
</value>
			</name>
			<owner>
				<value><item><searchPath xsi:type="cm:stringProp">
	<value xsi:type="xsd:string" xml:space="preserve">CAMID(&quot;::Anonymous&quot;)</value>
</searchPath>
<storeID xsi:type="cm:guidProp">
	<value xsi:type="cm:guid" xml:space="preserve">xOjpBbm9ueW1vdXM_</value>
</storeID></item>
</value>
			</owner>
		</props>
	</object>
  </objects>
</archive>
