<?xml version='1.0' encoding='UTF-8'?>
<archive xmlns:SOAP-ENV="http://schemas.xmlsoap.org/soap/envelope/" xmlns:SOAP-ENC="http://schemas.xmlsoap.org/soap/encoding/" xmlns:xsd="http://www.w3.org/2001/XMLSchema" xmlns:xsi="http://www.w3.org/2001/XMLSchema-instance" xmlns:bus="http://developer.cognos.com/schemas/bibus/3/" xmlns:cm="http://developer.cognos.com/schemas/bibus/3/">
<!-- CM Build=8.4.6013.0 -->
  <objects>
	<object>
		<class>folder</class>
		<name>ATG</name>
		<id>1</id>
		<parentId>0</parentId>
		<storeID>i7B9E86193AF6468E826EE880D01788BB</storeID>
		<props>
			<creationTime>
				<value>2006-05-31T16:58:55.340Z</value>
			</creationTime>
			<modificationTime>
				<value>2008-06-24T14:15:59.287Z</value>
			</modificationTime>
			<name>
				<value><item><locale xsi:type="xsd:string">cs</locale><value xsi:type="xsd:string">ATG</value></item>
<item><locale xsi:type="xsd:string">da</locale><value xsi:type="xsd:string">ATG</value></item>
<item><locale xsi:type="xsd:string">de</locale><value xsi:type="xsd:string">ATG</value></item>
<item><locale xsi:type="xsd:string">el</locale><value xsi:type="xsd:string">ATG</value></item>
<item><locale xsi:type="xsd:string">en</locale><value xsi:type="xsd:string">ATG</value></item>
<item><locale xsi:type="xsd:string">es</locale><value xsi:type="xsd:string">ATG</value></item>
<item><locale xsi:type="xsd:string">fi</locale><value xsi:type="xsd:string">ATG</value></item>
<item><locale xsi:type="xsd:string">fr</locale><value xsi:type="xsd:string">ATG</value></item>
<item><locale xsi:type="xsd:string">hu</locale><value xsi:type="xsd:string">ATG</value></item>
<item><locale xsi:type="xsd:string">id</locale><value xsi:type="xsd:string">ATG</value></item>
<item><locale xsi:type="xsd:string">it</locale><value xsi:type="xsd:string">ATG</value></item>
<item><locale xsi:type="xsd:string">ja</locale><value xsi:type="xsd:string">ATG</value></item>
<item><locale xsi:type="xsd:string">ko</locale><value xsi:type="xsd:string">ATG</value></item>
<item><locale xsi:type="xsd:string">ms</locale><value xsi:type="xsd:string">ATG</value></item>
<item><locale xsi:type="xsd:string">nl</locale><value xsi:type="xsd:string">ATG</value></item>
<item><locale xsi:type="xsd:string">no</locale><value xsi:type="xsd:string">ATG</value></item>
<item><locale xsi:type="xsd:string">pl</locale><value xsi:type="xsd:string">ATG</value></item>
<item><locale xsi:type="xsd:string">pt</locale><value xsi:type="xsd:string">ATG</value></item>
<item><locale xsi:type="xsd:string">ru</locale><value xsi:type="xsd:string">ATG</value></item>
<item><locale xsi:type="xsd:string">sv</locale><value xsi:type="xsd:string">ATG</value></item>
<item><locale xsi:type="xsd:string">th</locale><value xsi:type="xsd:string">ATG</value></item>
<item><locale xsi:type="xsd:string">zh-cn</locale><value xsi:type="xsd:string">ATG</value></item>
<item><locale xsi:type="xsd:string">zh-hk</locale><value xsi:type="xsd:string">ATG</value></item>
<item><locale xsi:type="xsd:string">zh-mo</locale><value xsi:type="xsd:string">ATG</value></item>
<item><locale xsi:type="xsd:string">zh-sg</locale><value xsi:type="xsd:string">ATG</value></item>
<item><locale xsi:type="xsd:string">zh-tw</locale><value xsi:type="xsd:string">ATG</value></item>
</value>
			</name>
			<disabled>
				<value>false</value>
			</disabled>
			<owner>
				<value><item><searchPath xsi:type="cm:stringProp">
	<value xsi:type="xsd:string" xml:space="preserve">CAMID(&quot;::Anonymous&quot;)</value>
</searchPath>
<storeID xsi:type="cm:guidProp">
	<value xsi:type="cm:guid" xml:space="preserve">xOjpBbm9ueW1vdXM_</value>
</storeID></item>
</value>
			</owner>
			<displaySequence>
				<value>0</value>
			</displaySequence>
			<hidden>
				<value>false</value>
			</hidden>
			<viewed>
				<value>false</value>
			</viewed>
		</props>
	</object>
	<object>
		<class>folder</class>
		<name>Marketing</name>
		<id>2</id>
		<parentId>1</parentId>
		<storeID>iB53DE050B3C2436D832A5C5EF76F2241</storeID>
		<props>
			<creationTime>
				<value>2008-06-24T14:15:59.287Z</value>
			</creationTime>
			<modificationTime>
				<value>2008-06-24T14:43:48.643Z</value>
			</modificationTime>
			<name>
				<value><item><locale xsi:type="xsd:string">en</locale><value xsi:type="xsd:string">Marketing</value></item>
</value>
			</name>
			<owner>
				<value><item><searchPath xsi:type="cm:stringProp">
	<value xsi:type="xsd:string" xml:space="preserve">CAMID(&quot;::Anonymous&quot;)</value>
</searchPath>
<storeID xsi:type="cm:guidProp">
	<value xsi:type="cm:guid" xml:space="preserve">xOjpBbm9ueW1vdXM_</value>
</storeID></item>
</value>
			</owner>
			<displaySequence>
				<value>0</value>
			</displaySequence>
			<hidden>
				<value>false</value>
			</hidden>
			<viewed>
				<value>false</value>
			</viewed>
		</props>
	</object>
	<object>
		<class>folder</class>
		<name>Customer Care</name>
		<id>3</id>
		<parentId>1</parentId>
		<storeID>i10D83577F62F4BB7862D8AC597FF8F24</storeID>
		<props>
			<creationTime>
				<value>2008-06-24T14:15:12.730Z</value>
			</creationTime>
			<modificationTime>
				<value>2008-06-24T14:18:54.910Z</value>
			</modificationTime>
			<name>
				<value><item><locale xsi:type="xsd:string">en</locale><value xsi:type="xsd:string">Customer Care</value></item>
</value>
			</name>
			<owner>
				<value><item><searchPath xsi:type="cm:stringProp">
	<value xsi:type="xsd:string" xml:space="preserve">CAMID(&quot;::Anonymous&quot;)</value>
</searchPath>
<storeID xsi:type="cm:guidProp">
	<value xsi:type="cm:guid" xml:space="preserve">xOjpBbm9ueW1vdXM_</value>
</storeID></item>
</value>
			</owner>
			<displaySequence>
				<value>0</value>
			</displaySequence>
			<hidden>
				<value>false</value>
			</hidden>
			<viewed>
				<value>false</value>
			</viewed>
		</props>
	</object>
	<object>
		<class>folder</class>
		<name>Search</name>
		<id>4</id>
		<parentId>1</parentId>
		<storeID>iB66D73DAFAD84E069EC6E02B9A031754</storeID>
		<props>
			<creationTime>
				<value>2008-06-24T14:15:24.407Z</value>
			</creationTime>
			<modificationTime>
				<value>2008-06-24T14:26:24.160Z</value>
			</modificationTime>
			<name>
				<value><item><locale xsi:type="xsd:string">en</locale><value xsi:type="xsd:string">Search</value></item>
</value>
			</name>
			<owner>
				<value><item><searchPath xsi:type="cm:stringProp">
	<value xsi:type="xsd:string" xml:space="preserve">CAMID(&quot;::Anonymous&quot;)</value>
</searchPath>
<storeID xsi:type="cm:guidProp">
	<value xsi:type="cm:guid" xml:space="preserve">xOjpBbm9ueW1vdXM_</value>
</storeID></item>
</value>
			</owner>
			<displaySequence>
				<value>0</value>
			</displaySequence>
			<hidden>
				<value>false</value>
			</hidden>
			<viewed>
				<value>false</value>
			</viewed>
		</props>
	</object>
	<object>
		<class>folder</class>
		<name>Search Merchandising</name>
		<id>5</id>
		<parentId>2</parentId>
		<storeID>iB2832333616649C7BCE0034FEC1C6C01</storeID>
		<props>
			<creationTime>
				<value>2008-06-24T14:43:48.643Z</value>
			</creationTime>
			<modificationTime>
				<value>2008-07-10T14:59:56.877Z</value>
			</modificationTime>
			<name>
				<value><item><locale xsi:type="xsd:string">en</locale><value xsi:type="xsd:string">Search Merchandising</value></item>
</value>
			</name>
			<owner>
				<value><item><searchPath xsi:type="cm:stringProp">
	<value xsi:type="xsd:string" xml:space="preserve">CAMID(&quot;::Anonymous&quot;)</value>
</searchPath>
<storeID xsi:type="cm:guidProp">
	<value xsi:type="cm:guid" xml:space="preserve">xOjpBbm9ueW1vdXM_</value>
</storeID></item>
</value>
			</owner>
			<displaySequence>
				<value>0</value>
			</displaySequence>
			<hidden>
				<value>false</value>
			</hidden>
			<viewed>
				<value>false</value>
			</viewed>
		</props>
	</object>
	<object>
		<class>folder</class>
		<name>Search</name>
		<id>6</id>
		<parentId>3</parentId>
		<storeID>iA2A52A2135E449AEA18EF0555A9E6E7E</storeID>
		<props>
			<creationTime>
				<value>2008-06-24T14:18:54.910Z</value>
			</creationTime>
			<modificationTime>
				<value>2008-07-10T15:03:01.400Z</value>
			</modificationTime>
			<name>
				<value><item><locale xsi:type="xsd:string">en</locale><value xsi:type="xsd:string">Search</value></item>
</value>
			</name>
			<owner>
				<value><item><searchPath xsi:type="cm:stringProp">
	<value xsi:type="xsd:string" xml:space="preserve">CAMID(&quot;::Anonymous&quot;)</value>
</searchPath>
<storeID xsi:type="cm:guidProp">
	<value xsi:type="cm:guid" xml:space="preserve">xOjpBbm9ueW1vdXM_</value>
</storeID></item>
</value>
			</owner>
			<displaySequence>
				<value>0</value>
			</displaySequence>
			<hidden>
				<value>false</value>
			</hidden>
			<viewed>
				<value>false</value>
			</viewed>
		</props>
	</object>
	<object>
		<class>folder</class>
		<name>Search Activity</name>
		<id>7</id>
		<parentId>4</parentId>
		<storeID>i120EB088B1FE437BB61D3E61FB5CCC12</storeID>
		<props>
			<creationTime>
				<value>2008-06-24T14:26:06.187Z</value>
			</creationTime>
			<modificationTime>
				<value>2008-07-10T15:00:59.937Z</value>
			</modificationTime>
			<name>
				<value><item><locale xsi:type="xsd:string">en</locale><value xsi:type="xsd:string">Search Activity</value></item>
</value>
			</name>
			<owner>
				<value><item><searchPath xsi:type="cm:stringProp">
	<value xsi:type="xsd:string" xml:space="preserve">CAMID(&quot;::Anonymous&quot;)</value>
</searchPath>
<storeID xsi:type="cm:guidProp">
	<value xsi:type="cm:guid" xml:space="preserve">xOjpBbm9ueW1vdXM_</value>
</storeID></item>
</value>
			</owner>
			<displaySequence>
				<value>0</value>
			</displaySequence>
			<hidden>
				<value>false</value>
			</hidden>
			<viewed>
				<value>false</value>
			</viewed>
		</props>
	</object>
	<object>
		<class>folder</class>
		<name>Search Input Detail</name>
		<id>8</id>
		<parentId>4</parentId>
		<storeID>iD610741BA5FB40E6AFB741063AB4E07A</storeID>
		<props>
			<creationTime>
				<value>2008-06-24T14:26:16.270Z</value>
			</creationTime>
			<modificationTime>
				<value>2008-07-10T15:01:57.967Z</value>
			</modificationTime>
			<name>
				<value><item><locale xsi:type="xsd:string">en</locale><value xsi:type="xsd:string">Search Input Detail</value></item>
</value>
			</name>
			<owner>
				<value><item><searchPath xsi:type="cm:stringProp">
	<value xsi:type="xsd:string" xml:space="preserve">CAMID(&quot;::Anonymous&quot;)</value>
</searchPath>
<storeID xsi:type="cm:guidProp">
	<value xsi:type="cm:guid" xml:space="preserve">xOjpBbm9ueW1vdXM_</value>
</storeID></item>
</value>
			</owner>
			<displaySequence>
				<value>0</value>
			</displaySequence>
			<hidden>
				<value>false</value>
			</hidden>
			<viewed>
				<value>false</value>
			</viewed>
		</props>
	</object>
	<object>
		<class>folder</class>
		<name>Search Utilization</name>
		<id>9</id>
		<parentId>4</parentId>
		<storeID>i1451844667B044F5A5026E31C1619FDE</storeID>
		<props>
			<creationTime>
				<value>2008-06-24T14:26:24.160Z</value>
			</creationTime>
			<modificationTime>
				<value>2010-06-15T08:46:07.007Z</value>
			</modificationTime>
			<name>
				<value><item><locale xsi:type="xsd:string">en</locale><value xsi:type="xsd:string">Search Utilization</value></item>
</value>
			</name>
			<owner>
				<value><item><searchPath xsi:type="cm:stringProp">
	<value xsi:type="xsd:string" xml:space="preserve">CAMID(&quot;::Anonymous&quot;)</value>
</searchPath>
<storeID xsi:type="cm:guidProp">
	<value xsi:type="cm:guid" xml:space="preserve">xOjpBbm9ueW1vdXM_</value>
</storeID></item>
</value>
			</owner>
			<displaySequence>
				<value>0</value>
			</displaySequence>
			<hidden>
				<value>false</value>
			</hidden>
			<viewed>
				<value>false</value>
			</viewed>
		</props>
	</object>
	<object>
		<class>shortcut</class>
		<name>Search Terms Not in the Dictionary</name>
		<parentId>5</parentId>
		<storeID>i8FFA2CA8B9204EBFBA7A57ADAA6FC046</storeID>
		<props>
			<creationTime>
				<value>2008-07-10T14:59:56.877Z</value>
			</creationTime>
			<modificationTime>
				<value>2008-07-10T14:59:56.877Z</value>
			</modificationTime>
			<name>
				<value><item><locale xsi:type="xsd:string">en</locale><value xsi:type="xsd:string">Search Terms Not in the Dictionary</value></item>
</value>
			</name>
			<owner>
				<value><item><searchPath xsi:type="cm:stringProp">
	<value xsi:type="xsd:string" xml:space="preserve">CAMID(&quot;::Anonymous&quot;)</value>
</searchPath>
<storeID xsi:type="cm:guidProp">
	<value xsi:type="cm:guid" xml:space="preserve">xOjpBbm9ueW1vdXM_</value>
</storeID></item>
</value>
			</owner>
			<displaySequence>
				<value>0</value>
			</displaySequence>
			<hidden>
				<value>false</value>
			</hidden>
			<viewed>
				<value>false</value>
			</viewed>
			<target>
				<value><item><searchPath xsi:type="cm:stringProp">
	<value xsi:type="xsd:string" xml:space="preserve">/content/package[@name=&apos;Search (Model)&apos;]/report[@name=&apos;Search Terms Not in the Dictionary&apos;]</value>
</searchPath>
<storeID xsi:type="cm:guidProp">
	<value xsi:type="cm:guid" xml:space="preserve"></value>
</storeID></item>
</value>
			</target>
		</props>
	</object>
	<object>
		<class>shortcut</class>
		<name>Site Search Usage Overview</name>
		<parentId>5</parentId>
		<storeID>i43332302CBE34E91B81CDBB3899AFAEA</storeID>
		<props>
			<creationTime>
				<value>2008-06-24T14:46:23.547Z</value>
			</creationTime>
			<modificationTime>
				<value>2008-06-24T14:46:23.547Z</value>
			</modificationTime>
			<name>
				<value><item><locale xsi:type="xsd:string">en</locale><value xsi:type="xsd:string">Site Search Usage Overview</value></item>
</value>
			</name>
			<owner>
				<value><item><searchPath xsi:type="cm:stringProp">
	<value xsi:type="xsd:string" xml:space="preserve">CAMID(&quot;::Anonymous&quot;)</value>
</searchPath>
<storeID xsi:type="cm:guidProp">
	<value xsi:type="cm:guid" xml:space="preserve">xOjpBbm9ueW1vdXM_</value>
</storeID></item>
</value>
			</owner>
			<displaySequence>
				<value>0</value>
			</displaySequence>
			<hidden>
				<value>false</value>
			</hidden>
			<viewed>
				<value>false</value>
			</viewed>
			<target>
				<value><item><searchPath xsi:type="cm:stringProp">
	<value xsi:type="xsd:string" xml:space="preserve">/content/package[@name=&apos;Search (Model)&apos;]/report[@name=&apos;Site Search Usage Overview&apos;]</value>
</searchPath>
<storeID xsi:type="cm:guidProp">
	<value xsi:type="cm:guid" xml:space="preserve"></value>
</storeID></item>
</value>
			</target>
		</props>
	</object>
	<object>
		<class>shortcut</class>
		<name>Most Frequent Search Terms</name>
		<parentId>5</parentId>
		<storeID>i6F921A77BB73483E9494F67977F9DBDE</storeID>
		<props>
			<creationTime>
				<value>2008-06-24T14:46:56.047Z</value>
			</creationTime>
			<modificationTime>
				<value>2008-06-24T14:46:56.047Z</value>
			</modificationTime>
			<name>
				<value><item><locale xsi:type="xsd:string">en</locale><value xsi:type="xsd:string">Most Frequent Search Terms</value></item>
</value>
			</name>
			<owner>
				<value><item><searchPath xsi:type="cm:stringProp">
	<value xsi:type="xsd:string" xml:space="preserve">CAMID(&quot;::Anonymous&quot;)</value>
</searchPath>
<storeID xsi:type="cm:guidProp">
	<value xsi:type="cm:guid" xml:space="preserve">xOjpBbm9ueW1vdXM_</value>
</storeID></item>
</value>
			</owner>
			<displaySequence>
				<value>0</value>
			</displaySequence>
			<hidden>
				<value>false</value>
			</hidden>
			<viewed>
				<value>false</value>
			</viewed>
			<target>
				<value><item><searchPath xsi:type="cm:stringProp">
	<value xsi:type="xsd:string" xml:space="preserve">/content/package[@name=&apos;Search (Model)&apos;]/report[@name=&apos;Most Frequent Search Terms&apos;]</value>
</searchPath>
<storeID xsi:type="cm:guidProp">
	<value xsi:type="cm:guid" xml:space="preserve"></value>
</storeID></item>
</value>
			</target>
		</props>
	</object>
	<object>
		<class>shortcut</class>
		<name>Search Terms with No Results</name>
		<parentId>5</parentId>
		<storeID>i40F1B9845FC9432992A4F8B853C8A824</storeID>
		<props>
			<creationTime>
				<value>2008-06-24T14:47:51.203Z</value>
			</creationTime>
			<modificationTime>
				<value>2008-06-24T14:47:51.203Z</value>
			</modificationTime>
			<name>
				<value><item><locale xsi:type="xsd:string">en</locale><value xsi:type="xsd:string">Search Terms with No Results</value></item>
</value>
			</name>
			<owner>
				<value><item><searchPath xsi:type="cm:stringProp">
	<value xsi:type="xsd:string" xml:space="preserve">CAMID(&quot;::Anonymous&quot;)</value>
</searchPath>
<storeID xsi:type="cm:guidProp">
	<value xsi:type="cm:guid" xml:space="preserve">xOjpBbm9ueW1vdXM_</value>
</storeID></item>
</value>
			</owner>
			<displaySequence>
				<value>0</value>
			</displaySequence>
			<hidden>
				<value>false</value>
			</hidden>
			<viewed>
				<value>false</value>
			</viewed>
			<target>
				<value><item><searchPath xsi:type="cm:stringProp">
	<value xsi:type="xsd:string" xml:space="preserve">/content/package[@name=&apos;Search (Model)&apos;]/report[@name=&apos;Search Terms with No Results&apos;]</value>
</searchPath>
<storeID xsi:type="cm:guidProp">
	<value xsi:type="cm:guid" xml:space="preserve"></value>
</storeID></item>
</value>
			</target>
		</props>
	</object>
	<object>
		<class>shortcut</class>
		<name>Top Firing Search Configuration Rules</name>
		<parentId>5</parentId>
		<storeID>i0C4689AD492A4D088DA1B73A14996F86</storeID>
		<props>
			<creationTime>
				<value>2008-06-24T14:48:31.733Z</value>
			</creationTime>
			<modificationTime>
				<value>2008-06-24T14:48:31.733Z</value>
			</modificationTime>
			<name>
				<value><item><locale xsi:type="xsd:string">en</locale><value xsi:type="xsd:string">Top Firing Search Configuration Rules</value></item>
</value>
			</name>
			<owner>
				<value><item><searchPath xsi:type="cm:stringProp">
	<value xsi:type="xsd:string" xml:space="preserve">CAMID(&quot;::Anonymous&quot;)</value>
</searchPath>
<storeID xsi:type="cm:guidProp">
	<value xsi:type="cm:guid" xml:space="preserve">xOjpBbm9ueW1vdXM_</value>
</storeID></item>
</value>
			</owner>
			<displaySequence>
				<value>0</value>
			</displaySequence>
			<hidden>
				<value>false</value>
			</hidden>
			<viewed>
				<value>false</value>
			</viewed>
			<target>
				<value><item><searchPath xsi:type="cm:stringProp">
	<value xsi:type="xsd:string" xml:space="preserve">/content/package[@name=&apos;Search (Model)&apos;]/report[@name=&apos;Top Firing Search Configuration Rules&apos;]</value>
</searchPath>
<storeID xsi:type="cm:guidProp">
	<value xsi:type="cm:guid" xml:space="preserve"></value>
</storeID></item>
</value>
			</target>
		</props>
	</object>
	<object>
		<class>shortcut</class>
		<name>Searches Trending Up and Down</name>
		<parentId>5</parentId>
		<storeID>i3B60A914E8AB4C67B8EF1226DAD6206A</storeID>
		<props>
			<creationTime>
				<value>2008-06-24T14:49:02.797Z</value>
			</creationTime>
			<modificationTime>
				<value>2008-06-24T14:49:02.797Z</value>
			</modificationTime>
			<name>
				<value><item><locale xsi:type="xsd:string">en</locale><value xsi:type="xsd:string">Searches Trending Up and Down</value></item>
</value>
			</name>
			<owner>
				<value><item><searchPath xsi:type="cm:stringProp">
	<value xsi:type="xsd:string" xml:space="preserve">CAMID(&quot;::Anonymous&quot;)</value>
</searchPath>
<storeID xsi:type="cm:guidProp">
	<value xsi:type="cm:guid" xml:space="preserve">xOjpBbm9ueW1vdXM_</value>
</storeID></item>
</value>
			</owner>
			<displaySequence>
				<value>0</value>
			</displaySequence>
			<hidden>
				<value>false</value>
			</hidden>
			<viewed>
				<value>false</value>
			</viewed>
			<target>
				<value><item><searchPath xsi:type="cm:stringProp">
	<value xsi:type="xsd:string" xml:space="preserve">/content/package[@name=&apos;Search (Model)&apos;]/report[@name=&apos;Searches Trending Up and Down&apos;]</value>
</searchPath>
<storeID xsi:type="cm:guidProp">
	<value xsi:type="cm:guid" xml:space="preserve"></value>
</storeID></item>
</value>
			</target>
		</props>
	</object>
	<object>
		<class>shortcut</class>
		<name>Most Frequent Search Terms</name>
		<parentId>6</parentId>
		<storeID>i23BCB454E27B44F8BC8CFA9F54031F61</storeID>
		<props>
			<creationTime>
				<value>2008-06-24T14:20:14.807Z</value>
			</creationTime>
			<modificationTime>
				<value>2008-06-24T14:56:24.097Z</value>
			</modificationTime>
			<name>
				<value><item><locale xsi:type="xsd:string">en</locale><value xsi:type="xsd:string">Most Frequent Search Terms</value></item>
</value>
			</name>
			<owner>
				<value><item><searchPath xsi:type="cm:stringProp">
	<value xsi:type="xsd:string" xml:space="preserve">CAMID(&quot;::Anonymous&quot;)</value>
</searchPath>
<storeID xsi:type="cm:guidProp">
	<value xsi:type="cm:guid" xml:space="preserve">xOjpBbm9ueW1vdXM_</value>
</storeID></item>
</value>
			</owner>
			<displaySequence>
				<value>0</value>
			</displaySequence>
			<hidden>
				<value>false</value>
			</hidden>
			<viewed>
				<value>false</value>
			</viewed>
			<target>
				<value><item><searchPath xsi:type="cm:stringProp">
	<value xsi:type="xsd:string" xml:space="preserve">/content/package[@name=&apos;Search (Model)&apos;]/report[@name=&apos;Most Frequent Search Terms&apos;]</value>
</searchPath>
<storeID xsi:type="cm:guidProp">
	<value xsi:type="cm:guid" xml:space="preserve"></value>
</storeID></item>
</value>
			</target>
		</props>
	</object>
	<object>
		<class>shortcut</class>
		<name>Search Terms Grouped by Topic</name>
		<parentId>6</parentId>
		<storeID>iC7E9F590C9874F218282664F37CF6DB3</storeID>
		<props>
			<creationTime>
				<value>2008-06-24T14:22:12.727Z</value>
			</creationTime>
			<modificationTime>
				<value>2008-06-24T14:56:18.490Z</value>
			</modificationTime>
			<name>
				<value><item><locale xsi:type="xsd:string">en</locale><value xsi:type="xsd:string">Search Terms Grouped by Topic</value></item>
</value>
			</name>
			<owner>
				<value><item><searchPath xsi:type="cm:stringProp">
	<value xsi:type="xsd:string" xml:space="preserve">CAMID(&quot;::Anonymous&quot;)</value>
</searchPath>
<storeID xsi:type="cm:guidProp">
	<value xsi:type="cm:guid" xml:space="preserve">xOjpBbm9ueW1vdXM_</value>
</storeID></item>
</value>
			</owner>
			<displaySequence>
				<value>0</value>
			</displaySequence>
			<hidden>
				<value>false</value>
			</hidden>
			<viewed>
				<value>false</value>
			</viewed>
			<target>
				<value><item><searchPath xsi:type="cm:stringProp">
	<value xsi:type="xsd:string" xml:space="preserve">/content/package[@name=&apos;Search (Model)&apos;]/report[@name=&apos;Search Terms Grouped by Topic&apos;]</value>
</searchPath>
<storeID xsi:type="cm:guidProp">
	<value xsi:type="cm:guid" xml:space="preserve"></value>
</storeID></item>
</value>
			</target>
		</props>
	</object>
	<object>
		<class>shortcut</class>
		<name>Search Terms with No Results</name>
		<parentId>6</parentId>
		<storeID>i0B32737955CB425398559221D4B19E1D</storeID>
		<props>
			<creationTime>
				<value>2008-06-24T14:23:22.887Z</value>
			</creationTime>
			<modificationTime>
				<value>2008-06-24T14:56:11.017Z</value>
			</modificationTime>
			<name>
				<value><item><locale xsi:type="xsd:string">en</locale><value xsi:type="xsd:string">Search Terms with No Results</value></item>
</value>
			</name>
			<owner>
				<value><item><searchPath xsi:type="cm:stringProp">
	<value xsi:type="xsd:string" xml:space="preserve">CAMID(&quot;::Anonymous&quot;)</value>
</searchPath>
<storeID xsi:type="cm:guidProp">
	<value xsi:type="cm:guid" xml:space="preserve">xOjpBbm9ueW1vdXM_</value>
</storeID></item>
</value>
			</owner>
			<displaySequence>
				<value>0</value>
			</displaySequence>
			<hidden>
				<value>false</value>
			</hidden>
			<viewed>
				<value>false</value>
			</viewed>
			<target>
				<value><item><searchPath xsi:type="cm:stringProp">
	<value xsi:type="xsd:string" xml:space="preserve">/content/package[@name=&apos;Search (Model)&apos;]/report[@name=&apos;Search Terms with No Results&apos;]</value>
</searchPath>
<storeID xsi:type="cm:guidProp">
	<value xsi:type="cm:guid" xml:space="preserve"></value>
</storeID></item>
</value>
			</target>
		</props>
	</object>
	<object>
		<class>shortcut</class>
		<name>Search Terms Not in the Dictionary</name>
		<parentId>6</parentId>
		<storeID>iAFCCDC1D303E4F64BC507DE72C782331</storeID>
		<props>
			<creationTime>
				<value>2008-07-10T15:03:01.400Z</value>
			</creationTime>
			<modificationTime>
				<value>2008-07-10T15:03:01.400Z</value>
			</modificationTime>
			<name>
				<value><item><locale xsi:type="xsd:string">en</locale><value xsi:type="xsd:string">Search Terms Not in the Dictionary</value></item>
</value>
			</name>
			<owner>
				<value><item><searchPath xsi:type="cm:stringProp">
	<value xsi:type="xsd:string" xml:space="preserve">CAMID(&quot;::Anonymous&quot;)</value>
</searchPath>
<storeID xsi:type="cm:guidProp">
	<value xsi:type="cm:guid" xml:space="preserve">xOjpBbm9ueW1vdXM_</value>
</storeID></item>
</value>
			</owner>
			<displaySequence>
				<value>0</value>
			</displaySequence>
			<hidden>
				<value>false</value>
			</hidden>
			<viewed>
				<value>false</value>
			</viewed>
			<target>
				<value><item><searchPath xsi:type="cm:stringProp">
	<value xsi:type="xsd:string" xml:space="preserve">/content/package[@name=&apos;Search (Model)&apos;]/report[@name=&apos;Search Terms Not in the Dictionary&apos;]</value>
</searchPath>
<storeID xsi:type="cm:guidProp">
	<value xsi:type="cm:guid" xml:space="preserve"></value>
</storeID></item>
</value>
			</target>
		</props>
	</object>
	<object>
		<class>shortcut</class>
		<name>Search Terms Not in the Dictionary</name>
		<parentId>7</parentId>
		<storeID>i26C3C731489E498EADCBDE55CFB9D916</storeID>
		<props>
			<creationTime>
				<value>2008-07-10T15:00:59.937Z</value>
			</creationTime>
			<modificationTime>
				<value>2008-07-10T15:00:59.937Z</value>
			</modificationTime>
			<name>
				<value><item><locale xsi:type="xsd:string">en</locale><value xsi:type="xsd:string">Search Terms Not in the Dictionary</value></item>
</value>
			</name>
			<owner>
				<value><item><searchPath xsi:type="cm:stringProp">
	<value xsi:type="xsd:string" xml:space="preserve">CAMID(&quot;::Anonymous&quot;)</value>
</searchPath>
<storeID xsi:type="cm:guidProp">
	<value xsi:type="cm:guid" xml:space="preserve">xOjpBbm9ueW1vdXM_</value>
</storeID></item>
</value>
			</owner>
			<displaySequence>
				<value>0</value>
			</displaySequence>
			<hidden>
				<value>false</value>
			</hidden>
			<viewed>
				<value>false</value>
			</viewed>
			<target>
				<value><item><searchPath xsi:type="cm:stringProp">
	<value xsi:type="xsd:string" xml:space="preserve">/content/package[@name=&apos;Search (Model)&apos;]/report[@name=&apos;Search Terms Not in the Dictionary&apos;]</value>
</searchPath>
<storeID xsi:type="cm:guidProp">
	<value xsi:type="cm:guid" xml:space="preserve"></value>
</storeID></item>
</value>
			</target>
		</props>
	</object>
	<object>
		<class>shortcut</class>
		<name>Search Terms Grouped by Word Count</name>
		<parentId>7</parentId>
		<storeID>i1F6F8903B4A4431D8791B0F1BE03AE73</storeID>
		<props>
			<creationTime>
				<value>2008-06-26T08:11:59.183Z</value>
			</creationTime>
			<modificationTime>
				<value>2008-06-26T08:11:59.183Z</value>
			</modificationTime>
			<name>
				<value><item><locale xsi:type="xsd:string">en</locale><value xsi:type="xsd:string">Search Terms Grouped by Word Count</value></item>
</value>
			</name>
			<owner>
				<value><item><searchPath xsi:type="cm:stringProp">
	<value xsi:type="xsd:string" xml:space="preserve">CAMID(&quot;::Anonymous&quot;)</value>
</searchPath>
<storeID xsi:type="cm:guidProp">
	<value xsi:type="cm:guid" xml:space="preserve">xOjpBbm9ueW1vdXM_</value>
</storeID></item>
</value>
			</owner>
			<displaySequence>
				<value>0</value>
			</displaySequence>
			<hidden>
				<value>false</value>
			</hidden>
			<viewed>
				<value>false</value>
			</viewed>
			<target>
				<value><item><searchPath xsi:type="cm:stringProp">
	<value xsi:type="xsd:string" xml:space="preserve">/content/package[@name=&apos;Search (Model)&apos;]/report[@name=&apos;Search Terms Grouped by Word Count&apos;]</value>
</searchPath>
<storeID xsi:type="cm:guidProp">
	<value xsi:type="cm:guid" xml:space="preserve"></value>
</storeID></item>
</value>
			</target>
		</props>
	</object>
	<object>
		<class>shortcut</class>
		<name>Site Search Usage Overview</name>
		<parentId>7</parentId>
		<storeID>iF04949100F1849C590DF5B33F446DC41</storeID>
		<props>
			<creationTime>
				<value>2008-06-24T14:28:39.767Z</value>
			</creationTime>
			<modificationTime>
				<value>2008-06-24T14:50:05.890Z</value>
			</modificationTime>
			<name>
				<value><item><locale xsi:type="xsd:string">en</locale><value xsi:type="xsd:string">Site Search Usage Overview</value></item>
</value>
			</name>
			<owner>
				<value><item><searchPath xsi:type="cm:stringProp">
	<value xsi:type="xsd:string" xml:space="preserve">CAMID(&quot;::Anonymous&quot;)</value>
</searchPath>
<storeID xsi:type="cm:guidProp">
	<value xsi:type="cm:guid" xml:space="preserve">xOjpBbm9ueW1vdXM_</value>
</storeID></item>
</value>
			</owner>
			<displaySequence>
				<value>0</value>
			</displaySequence>
			<hidden>
				<value>false</value>
			</hidden>
			<viewed>
				<value>false</value>
			</viewed>
			<target>
				<value><item><searchPath xsi:type="cm:stringProp">
	<value xsi:type="xsd:string" xml:space="preserve">/content/package[@name=&apos;Search (Model)&apos;]/report[@name=&apos;Site Search Usage Overview&apos;]</value>
</searchPath>
<storeID xsi:type="cm:guidProp">
	<value xsi:type="cm:guid" xml:space="preserve"></value>
</storeID></item>
</value>
			</target>
		</props>
	</object>
	<object>
		<class>shortcut</class>
		<name>Most Frequent Search Terms</name>
		<parentId>7</parentId>
		<storeID>i50A1E5C982E24F089CCDDD83F0A2DCC2</storeID>
		<props>
			<creationTime>
				<value>2008-06-24T14:29:32.933Z</value>
			</creationTime>
			<modificationTime>
				<value>2008-06-24T14:29:32.933Z</value>
			</modificationTime>
			<name>
				<value><item><locale xsi:type="xsd:string">en</locale><value xsi:type="xsd:string">Most Frequent Search Terms</value></item>
</value>
			</name>
			<owner>
				<value><item><searchPath xsi:type="cm:stringProp">
	<value xsi:type="xsd:string" xml:space="preserve">CAMID(&quot;::Anonymous&quot;)</value>
</searchPath>
<storeID xsi:type="cm:guidProp">
	<value xsi:type="cm:guid" xml:space="preserve">xOjpBbm9ueW1vdXM_</value>
</storeID></item>
</value>
			</owner>
			<displaySequence>
				<value>0</value>
			</displaySequence>
			<hidden>
				<value>false</value>
			</hidden>
			<viewed>
				<value>false</value>
			</viewed>
			<target>
				<value><item><searchPath xsi:type="cm:stringProp">
	<value xsi:type="xsd:string" xml:space="preserve">/content/package[@name=&apos;Search (Model)&apos;]/report[@name=&apos;Most Frequent Search Terms&apos;]</value>
</searchPath>
<storeID xsi:type="cm:guidProp">
	<value xsi:type="cm:guid" xml:space="preserve"></value>
</storeID></item>
</value>
			</target>
		</props>
	</object>
	<object>
		<class>shortcut</class>
		<name>Search Terms Grouped by Topic</name>
		<parentId>7</parentId>
		<storeID>i32F7585816CD4CE8849B34B5BC353511</storeID>
		<props>
			<creationTime>
				<value>2008-06-24T14:31:03.897Z</value>
			</creationTime>
			<modificationTime>
				<value>2008-06-24T14:31:03.897Z</value>
			</modificationTime>
			<name>
				<value><item><locale xsi:type="xsd:string">en</locale><value xsi:type="xsd:string">Search Terms Grouped by Topic</value></item>
</value>
			</name>
			<owner>
				<value><item><searchPath xsi:type="cm:stringProp">
	<value xsi:type="xsd:string" xml:space="preserve">CAMID(&quot;::Anonymous&quot;)</value>
</searchPath>
<storeID xsi:type="cm:guidProp">
	<value xsi:type="cm:guid" xml:space="preserve">xOjpBbm9ueW1vdXM_</value>
</storeID></item>
</value>
			</owner>
			<displaySequence>
				<value>0</value>
			</displaySequence>
			<hidden>
				<value>false</value>
			</hidden>
			<viewed>
				<value>false</value>
			</viewed>
			<target>
				<value><item><searchPath xsi:type="cm:stringProp">
	<value xsi:type="xsd:string" xml:space="preserve">/content/package[@name=&apos;Search (Model)&apos;]/report[@name=&apos;Search Terms Grouped by Topic&apos;]</value>
</searchPath>
<storeID xsi:type="cm:guidProp">
	<value xsi:type="cm:guid" xml:space="preserve"></value>
</storeID></item>
</value>
			</target>
		</props>
	</object>
	<object>
		<class>shortcut</class>
		<name>Search Terms with No Results</name>
		<parentId>7</parentId>
		<storeID>iCABA5F56B037424AB6F3416DB833F110</storeID>
		<props>
			<creationTime>
				<value>2008-06-24T14:31:41.470Z</value>
			</creationTime>
			<modificationTime>
				<value>2008-06-24T14:31:41.470Z</value>
			</modificationTime>
			<name>
				<value><item><locale xsi:type="xsd:string">en</locale><value xsi:type="xsd:string">Search Terms with No Results</value></item>
</value>
			</name>
			<owner>
				<value><item><searchPath xsi:type="cm:stringProp">
	<value xsi:type="xsd:string" xml:space="preserve">CAMID(&quot;::Anonymous&quot;)</value>
</searchPath>
<storeID xsi:type="cm:guidProp">
	<value xsi:type="cm:guid" xml:space="preserve">xOjpBbm9ueW1vdXM_</value>
</storeID></item>
</value>
			</owner>
			<displaySequence>
				<value>0</value>
			</displaySequence>
			<hidden>
				<value>false</value>
			</hidden>
			<viewed>
				<value>false</value>
			</viewed>
			<target>
				<value><item><searchPath xsi:type="cm:stringProp">
	<value xsi:type="xsd:string" xml:space="preserve">/content/package[@name=&apos;Search (Model)&apos;]/report[@name=&apos;Search Terms with No Results&apos;]</value>
</searchPath>
<storeID xsi:type="cm:guidProp">
	<value xsi:type="cm:guid" xml:space="preserve"></value>
</storeID></item>
</value>
			</target>
		</props>
	</object>
	<object>
		<class>shortcut</class>
		<name>Search Terms Grouped by Type</name>
		<parentId>7</parentId>
		<storeID>i2771B394D4C743C39339ED7B4F3A9AF8</storeID>
		<props>
			<creationTime>
				<value>2008-06-24T14:34:03.257Z</value>
			</creationTime>
			<modificationTime>
				<value>2008-06-24T14:34:03.257Z</value>
			</modificationTime>
			<name>
				<value><item><locale xsi:type="xsd:string">en</locale><value xsi:type="xsd:string">Search Terms Grouped by Type</value></item>
</value>
			</name>
			<owner>
				<value><item><searchPath xsi:type="cm:stringProp">
	<value xsi:type="xsd:string" xml:space="preserve">CAMID(&quot;::Anonymous&quot;)</value>
</searchPath>
<storeID xsi:type="cm:guidProp">
	<value xsi:type="cm:guid" xml:space="preserve">xOjpBbm9ueW1vdXM_</value>
</storeID></item>
</value>
			</owner>
			<displaySequence>
				<value>0</value>
			</displaySequence>
			<hidden>
				<value>false</value>
			</hidden>
			<viewed>
				<value>false</value>
			</viewed>
			<target>
				<value><item><searchPath xsi:type="cm:stringProp">
	<value xsi:type="xsd:string" xml:space="preserve">/content/package[@name=&apos;Search (Model)&apos;]/report[@name=&apos;Search Terms Grouped by Type&apos;]</value>
</searchPath>
<storeID xsi:type="cm:guidProp">
	<value xsi:type="cm:guid" xml:space="preserve"></value>
</storeID></item>
</value>
			</target>
		</props>
	</object>
	<object>
		<class>shortcut</class>
		<name>Top Firing Search Configuration Rules</name>
		<parentId>7</parentId>
		<storeID>iBA2014BCCB334DF18006042697EDB856</storeID>
		<props>
			<creationTime>
				<value>2008-06-24T14:34:48.560Z</value>
			</creationTime>
			<modificationTime>
				<value>2008-06-24T14:34:48.560Z</value>
			</modificationTime>
			<name>
				<value><item><locale xsi:type="xsd:string">en</locale><value xsi:type="xsd:string">Top Firing Search Configuration Rules</value></item>
</value>
			</name>
			<owner>
				<value><item><searchPath xsi:type="cm:stringProp">
	<value xsi:type="xsd:string" xml:space="preserve">CAMID(&quot;::Anonymous&quot;)</value>
</searchPath>
<storeID xsi:type="cm:guidProp">
	<value xsi:type="cm:guid" xml:space="preserve">xOjpBbm9ueW1vdXM_</value>
</storeID></item>
</value>
			</owner>
			<displaySequence>
				<value>0</value>
			</displaySequence>
			<hidden>
				<value>false</value>
			</hidden>
			<viewed>
				<value>false</value>
			</viewed>
			<target>
				<value><item><searchPath xsi:type="cm:stringProp">
	<value xsi:type="xsd:string" xml:space="preserve">/content/package[@name=&apos;Search (Model)&apos;]/report[@name=&apos;Top Firing Search Configuration Rules&apos;]</value>
</searchPath>
<storeID xsi:type="cm:guidProp">
	<value xsi:type="cm:guid" xml:space="preserve"></value>
</storeID></item>
</value>
			</target>
		</props>
	</object>
	<object>
		<class>shortcut</class>
		<name>Searches Trending Up and Down</name>
		<parentId>7</parentId>
		<storeID>i0C79C7F28C054ED0ADB75DAA3CC25582</storeID>
		<props>
			<creationTime>
				<value>2008-06-24T14:35:35.560Z</value>
			</creationTime>
			<modificationTime>
				<value>2008-06-24T14:35:35.560Z</value>
			</modificationTime>
			<name>
				<value><item><locale xsi:type="xsd:string">en</locale><value xsi:type="xsd:string">Searches Trending Up and Down</value></item>
</value>
			</name>
			<owner>
				<value><item><searchPath xsi:type="cm:stringProp">
	<value xsi:type="xsd:string" xml:space="preserve">CAMID(&quot;::Anonymous&quot;)</value>
</searchPath>
<storeID xsi:type="cm:guidProp">
	<value xsi:type="cm:guid" xml:space="preserve">xOjpBbm9ueW1vdXM_</value>
</storeID></item>
</value>
			</owner>
			<displaySequence>
				<value>0</value>
			</displaySequence>
			<hidden>
				<value>false</value>
			</hidden>
			<viewed>
				<value>false</value>
			</viewed>
			<target>
				<value><item><searchPath xsi:type="cm:stringProp">
	<value xsi:type="xsd:string" xml:space="preserve">/content/package[@name=&apos;Search (Model)&apos;]/report[@name=&apos;Searches Trending Up and Down&apos;]</value>
</searchPath>
<storeID xsi:type="cm:guidProp">
	<value xsi:type="cm:guid" xml:space="preserve"></value>
</storeID></item>
</value>
			</target>
		</props>
	</object>
	<object>
		<class>shortcut</class>
		<name>Content Views by Topic</name>
		<parentId>7</parentId>
		<storeID>i961570F5DC364DF683982528F91889FA</storeID>
		<props>
			<creationTime>
				<value>2008-06-25T16:12:21.927Z</value>
			</creationTime>
			<modificationTime>
				<value>2008-06-25T16:12:21.927Z</value>
			</modificationTime>
			<name>
				<value><item><locale xsi:type="xsd:string">en</locale><value xsi:type="xsd:string">Content Views by Topic</value></item>
</value>
			</name>
			<owner>
				<value><item><searchPath xsi:type="cm:stringProp">
	<value xsi:type="xsd:string" xml:space="preserve">CAMID(&quot;::Anonymous&quot;)</value>
</searchPath>
<storeID xsi:type="cm:guidProp">
	<value xsi:type="cm:guid" xml:space="preserve">xOjpBbm9ueW1vdXM_</value>
</storeID></item>
</value>
			</owner>
			<displaySequence>
				<value>0</value>
			</displaySequence>
			<hidden>
				<value>false</value>
			</hidden>
			<viewed>
				<value>false</value>
			</viewed>
			<target>
				<value><item><searchPath xsi:type="cm:stringProp">
	<value xsi:type="xsd:string" xml:space="preserve">/content/package[@name=&apos;Search (Model)&apos;]/report[@name=&apos;Content Views by Topic&apos;]</value>
</searchPath>
<storeID xsi:type="cm:guidProp">
	<value xsi:type="cm:guid" xml:space="preserve"></value>
</storeID></item>
</value>
			</target>
		</props>
	</object>
	<object>
		<class>shortcut</class>
		<name>Most, Least and Last Viewed Content</name>
		<parentId>7</parentId>
		<storeID>iA349FA6714D1405AA10A7FC22C6AC9F1</storeID>
		<props>
			<creationTime>
				<value>2008-07-02T10:21:15.907Z</value>
			</creationTime>
			<modificationTime>
				<value>2008-07-02T10:21:15.907Z</value>
			</modificationTime>
			<name>
				<value><item><locale xsi:type="xsd:string">en</locale><value xsi:type="xsd:string">Most, Least and Last Viewed Content</value></item>
</value>
			</name>
			<owner>
				<value><item><searchPath xsi:type="cm:stringProp">
	<value xsi:type="xsd:string" xml:space="preserve">CAMID(&quot;::Anonymous&quot;)</value>
</searchPath>
<storeID xsi:type="cm:guidProp">
	<value xsi:type="cm:guid" xml:space="preserve">xOjpBbm9ueW1vdXM_</value>
</storeID></item>
</value>
			</owner>
			<displaySequence>
				<value>0</value>
			</displaySequence>
			<hidden>
				<value>false</value>
			</hidden>
			<viewed>
				<value>false</value>
			</viewed>
			<target>
				<value><item><searchPath xsi:type="cm:stringProp">
	<value xsi:type="xsd:string" xml:space="preserve">/content/package[@name=&apos;Search (Model)&apos;]/report[@name=&apos;Most, Least and Last Viewed Content&apos;]</value>
</searchPath>
<storeID xsi:type="cm:guidProp">
	<value xsi:type="cm:guid" xml:space="preserve"></value>
</storeID></item>
</value>
			</target>
		</props>
	</object>
	<object>
		<class>shortcut</class>
		<name>All Selected Topics</name>
		<parentId>7</parentId>
		<storeID>iEE102DD3D9244BCAB815BD0E60189E8E</storeID>
		<props>
			<creationTime>
				<value>2008-07-02T10:21:55.243Z</value>
			</creationTime>
			<modificationTime>
				<value>2008-07-02T10:21:55.243Z</value>
			</modificationTime>
			<name>
				<value><item><locale xsi:type="xsd:string">en</locale><value xsi:type="xsd:string">All Selected Topics</value></item>
</value>
			</name>
			<owner>
				<value><item><searchPath xsi:type="cm:stringProp">
	<value xsi:type="xsd:string" xml:space="preserve">CAMID(&quot;::Anonymous&quot;)</value>
</searchPath>
<storeID xsi:type="cm:guidProp">
	<value xsi:type="cm:guid" xml:space="preserve">xOjpBbm9ueW1vdXM_</value>
</storeID></item>
</value>
			</owner>
			<displaySequence>
				<value>0</value>
			</displaySequence>
			<hidden>
				<value>false</value>
			</hidden>
			<viewed>
				<value>false</value>
			</viewed>
			<target>
				<value><item><searchPath xsi:type="cm:stringProp">
	<value xsi:type="xsd:string" xml:space="preserve">/content/package[@name=&apos;Search (Model)&apos;]/report[@name=&apos;All Selected Topics&apos;]</value>
</searchPath>
<storeID xsi:type="cm:guidProp">
	<value xsi:type="cm:guid" xml:space="preserve"></value>
</storeID></item>
</value>
			</target>
		</props>
	</object>
	<object>
		<class>shortcut</class>
		<name>Most, Least and Last Selected Topics</name>
		<parentId>7</parentId>
		<storeID>iCCEB3CACCEC34C6B92B1DFD8DF54C566</storeID>
		<props>
			<creationTime>
				<value>2008-07-02T10:22:18.287Z</value>
			</creationTime>
			<modificationTime>
				<value>2008-07-02T10:22:18.287Z</value>
			</modificationTime>
			<name>
				<value><item><locale xsi:type="xsd:string">en</locale><value xsi:type="xsd:string">Most, Least and Last Selected Topics</value></item>
</value>
			</name>
			<owner>
				<value><item><searchPath xsi:type="cm:stringProp">
	<value xsi:type="xsd:string" xml:space="preserve">CAMID(&quot;::Anonymous&quot;)</value>
</searchPath>
<storeID xsi:type="cm:guidProp">
	<value xsi:type="cm:guid" xml:space="preserve">xOjpBbm9ueW1vdXM_</value>
</storeID></item>
</value>
			</owner>
			<displaySequence>
				<value>0</value>
			</displaySequence>
			<hidden>
				<value>false</value>
			</hidden>
			<viewed>
				<value>false</value>
			</viewed>
			<target>
				<value><item><searchPath xsi:type="cm:stringProp">
	<value xsi:type="xsd:string" xml:space="preserve">/content/package[@name=&apos;Search (Model)&apos;]/report[@name=&apos;Most, Least and Last Selected Topics&apos;]</value>
</searchPath>
<storeID xsi:type="cm:guidProp">
	<value xsi:type="cm:guid" xml:space="preserve"></value>
</storeID></item>
</value>
			</target>
		</props>
	</object>
	<object>
		<class>shortcut</class>
		<name>Search Terms Not in the Indexed Content</name>
		<parentId>8</parentId>
		<storeID>i950C97470E1344DD8C270DB7636535F0</storeID>
		<props>
			<creationTime>
				<value>2008-07-10T15:01:57.967Z</value>
			</creationTime>
			<modificationTime>
				<value>2008-07-10T15:01:57.967Z</value>
			</modificationTime>
			<name>
				<value><item><locale xsi:type="xsd:string">en</locale><value xsi:type="xsd:string">Search Terms Not in the Indexed Content</value></item>
</value>
			</name>
			<owner>
				<value><item><searchPath xsi:type="cm:stringProp">
	<value xsi:type="xsd:string" xml:space="preserve">CAMID(&quot;::Anonymous&quot;)</value>
</searchPath>
<storeID xsi:type="cm:guidProp">
	<value xsi:type="cm:guid" xml:space="preserve">xOjpBbm9ueW1vdXM_</value>
</storeID></item>
</value>
			</owner>
			<displaySequence>
				<value>0</value>
			</displaySequence>
			<hidden>
				<value>false</value>
			</hidden>
			<viewed>
				<value>false</value>
			</viewed>
			<target>
				<value><item><searchPath xsi:type="cm:stringProp">
	<value xsi:type="xsd:string" xml:space="preserve">/content/package[@name=&apos;Search (Model)&apos;]/report[@name=&apos;Search Terms Not in the Indexed Content&apos;]</value>
</searchPath>
<storeID xsi:type="cm:guidProp">
	<value xsi:type="cm:guid" xml:space="preserve"></value>
</storeID></item>
</value>
			</target>
		</props>
	</object>
	<object>
		<class>shortcut</class>
		<name>Search Terms with Numbers</name>
		<parentId>8</parentId>
		<storeID>iBC9CFAF411F84B7392DF9B1C1F176774</storeID>
		<props>
			<creationTime>
				<value>2008-06-24T14:38:08.320Z</value>
			</creationTime>
			<modificationTime>
				<value>2008-06-24T14:38:08.320Z</value>
			</modificationTime>
			<name>
				<value><item><locale xsi:type="xsd:string">en</locale><value xsi:type="xsd:string">Search Terms with Numbers</value></item>
</value>
			</name>
			<owner>
				<value><item><searchPath xsi:type="cm:stringProp">
	<value xsi:type="xsd:string" xml:space="preserve">CAMID(&quot;::Anonymous&quot;)</value>
</searchPath>
<storeID xsi:type="cm:guidProp">
	<value xsi:type="cm:guid" xml:space="preserve">xOjpBbm9ueW1vdXM_</value>
</storeID></item>
</value>
			</owner>
			<displaySequence>
				<value>0</value>
			</displaySequence>
			<hidden>
				<value>false</value>
			</hidden>
			<viewed>
				<value>false</value>
			</viewed>
			<target>
				<value><item><searchPath xsi:type="cm:stringProp">
	<value xsi:type="xsd:string" xml:space="preserve">/content/package[@name=&apos;Search (Model)&apos;]/report[@name=&apos;Search Terms with Numbers&apos;]</value>
</searchPath>
<storeID xsi:type="cm:guidProp">
	<value xsi:type="cm:guid" xml:space="preserve"></value>
</storeID></item>
</value>
			</target>
		</props>
	</object>
	<object>
		<class>shortcut</class>
		<name>Search Terms Consisting of Custom Terminology</name>
		<parentId>8</parentId>
		<storeID>iDE1B4014156D4D238FF966A985440777</storeID>
		<props>
			<creationTime>
				<value>2008-06-24T14:39:03.650Z</value>
			</creationTime>
			<modificationTime>
				<value>2008-06-24T14:39:03.650Z</value>
			</modificationTime>
			<name>
				<value><item><locale xsi:type="xsd:string">en</locale><value xsi:type="xsd:string">Search Terms Consisting of Custom Terminology</value></item>
</value>
			</name>
			<owner>
				<value><item><searchPath xsi:type="cm:stringProp">
	<value xsi:type="xsd:string" xml:space="preserve">CAMID(&quot;::Anonymous&quot;)</value>
</searchPath>
<storeID xsi:type="cm:guidProp">
	<value xsi:type="cm:guid" xml:space="preserve">xOjpBbm9ueW1vdXM_</value>
</storeID></item>
</value>
			</owner>
			<displaySequence>
				<value>0</value>
			</displaySequence>
			<hidden>
				<value>false</value>
			</hidden>
			<viewed>
				<value>false</value>
			</viewed>
			<target>
				<value><item><searchPath xsi:type="cm:stringProp">
	<value xsi:type="xsd:string" xml:space="preserve">/content/package[@name=&apos;Search (Model)&apos;]/report[@name=&apos;Search Terms Consisting of Custom Terminology&apos;]</value>
</searchPath>
<storeID xsi:type="cm:guidProp">
	<value xsi:type="cm:guid" xml:space="preserve"></value>
</storeID></item>
</value>
			</target>
		</props>
	</object>
	<object>
		<class>shortcut</class>
		<name>Search Terms with Special Compound Terms</name>
		<parentId>8</parentId>
		<storeID>iCA09CF4B47B5497283F59A0D538ABBF1</storeID>
		<props>
			<creationTime>
				<value>2008-06-24T14:39:34.917Z</value>
			</creationTime>
			<modificationTime>
				<value>2008-06-24T14:39:34.917Z</value>
			</modificationTime>
			<name>
				<value><item><locale xsi:type="xsd:string">en</locale><value xsi:type="xsd:string">Search Terms with Special Compound Terms</value></item>
</value>
			</name>
			<owner>
				<value><item><searchPath xsi:type="cm:stringProp">
	<value xsi:type="xsd:string" xml:space="preserve">CAMID(&quot;::Anonymous&quot;)</value>
</searchPath>
<storeID xsi:type="cm:guidProp">
	<value xsi:type="cm:guid" xml:space="preserve">xOjpBbm9ueW1vdXM_</value>
</storeID></item>
</value>
			</owner>
			<displaySequence>
				<value>0</value>
			</displaySequence>
			<hidden>
				<value>false</value>
			</hidden>
			<viewed>
				<value>false</value>
			</viewed>
			<target>
				<value><item><searchPath xsi:type="cm:stringProp">
	<value xsi:type="xsd:string" xml:space="preserve">/content/package[@name=&apos;Search (Model)&apos;]/report[@name=&apos;Search Terms with Special Compound Terms&apos;]</value>
</searchPath>
<storeID xsi:type="cm:guidProp">
	<value xsi:type="cm:guid" xml:space="preserve"></value>
</storeID></item>
</value>
			</target>
		</props>
	</object>
	<object>
		<class>shortcut</class>
		<name>Search Terms Existing Only as Thesaurus Entries</name>
		<parentId>8</parentId>
		<storeID>iF9BDF76351054370A89F5BAB9A591DC6</storeID>
		<props>
			<creationTime>
				<value>2008-06-24T14:39:58.630Z</value>
			</creationTime>
			<modificationTime>
				<value>2008-06-24T14:39:58.630Z</value>
			</modificationTime>
			<name>
				<value><item><locale xsi:type="xsd:string">en</locale><value xsi:type="xsd:string">Search Terms Existing Only as Thesaurus Entries</value></item>
</value>
			</name>
			<owner>
				<value><item><searchPath xsi:type="cm:stringProp">
	<value xsi:type="xsd:string" xml:space="preserve">CAMID(&quot;::Anonymous&quot;)</value>
</searchPath>
<storeID xsi:type="cm:guidProp">
	<value xsi:type="cm:guid" xml:space="preserve">xOjpBbm9ueW1vdXM_</value>
</storeID></item>
</value>
			</owner>
			<displaySequence>
				<value>0</value>
			</displaySequence>
			<hidden>
				<value>false</value>
			</hidden>
			<viewed>
				<value>false</value>
			</viewed>
			<target>
				<value><item><searchPath xsi:type="cm:stringProp">
	<value xsi:type="xsd:string" xml:space="preserve">/content/package[@name=&apos;Search (Model)&apos;]/report[@name=&apos;Search Terms Existing Only as Thesaurus Entries&apos;]</value>
</searchPath>
<storeID xsi:type="cm:guidProp">
	<value xsi:type="cm:guid" xml:space="preserve"></value>
</storeID></item>
</value>
			</target>
		</props>
	</object>
	<object>
		<class>shortcut</class>
		<name>Search Activity Summary</name>
		<parentId>9</parentId>
		<storeID>i3877484D55C64E4693F52A4CDCB2A094</storeID>
		<props>
			<creationTime>
				<value>2008-06-24T14:40:58.187Z</value>
			</creationTime>
			<modificationTime>
				<value>2008-06-24T14:40:58.187Z</value>
			</modificationTime>
			<name>
				<value><item><locale xsi:type="xsd:string">en</locale><value xsi:type="xsd:string">Search Activity Summary</value></item>
</value>
			</name>
			<owner>
				<value><item><searchPath xsi:type="cm:stringProp">
	<value xsi:type="xsd:string" xml:space="preserve">CAMID(&quot;::Anonymous&quot;)</value>
</searchPath>
<storeID xsi:type="cm:guidProp">
	<value xsi:type="cm:guid" xml:space="preserve">xOjpBbm9ueW1vdXM_</value>
</storeID></item>
</value>
			</owner>
			<displaySequence>
				<value>0</value>
			</displaySequence>
			<hidden>
				<value>false</value>
			</hidden>
			<viewed>
				<value>false</value>
			</viewed>
			<target>
				<value><item><searchPath xsi:type="cm:stringProp">
	<value xsi:type="xsd:string" xml:space="preserve">/content/package[@name=&apos;Search (Model)&apos;]/report[@name=&apos;Search Activity Summary&apos;]</value>
</searchPath>
<storeID xsi:type="cm:guidProp">
	<value xsi:type="cm:guid" xml:space="preserve"></value>
</storeID></item>
</value>
			</target>
		</props>
	</object>
	<object>
		<class>shortcut</class>
		<name>Search Response Time Trends</name>
		<parentId>9</parentId>
		<storeID>i03BD92C57AE1469AA041332402CF01DC</storeID>
		<props>
			<creationTime>
				<value>2008-06-24T14:41:27.217Z</value>
			</creationTime>
			<modificationTime>
				<value>2008-06-24T14:41:27.217Z</value>
			</modificationTime>
			<name>
				<value><item><locale xsi:type="xsd:string">en</locale><value xsi:type="xsd:string">Search Response Time Trends</value></item>
</value>
			</name>
			<owner>
				<value><item><searchPath xsi:type="cm:stringProp">
	<value xsi:type="xsd:string" xml:space="preserve">CAMID(&quot;::Anonymous&quot;)</value>
</searchPath>
<storeID xsi:type="cm:guidProp">
	<value xsi:type="cm:guid" xml:space="preserve">xOjpBbm9ueW1vdXM_</value>
</storeID></item>
</value>
			</owner>
			<displaySequence>
				<value>0</value>
			</displaySequence>
			<hidden>
				<value>false</value>
			</hidden>
			<viewed>
				<value>false</value>
			</viewed>
			<target>
				<value><item><searchPath xsi:type="cm:stringProp">
	<value xsi:type="xsd:string" xml:space="preserve">/content/package[@name=&apos;Search (Model)&apos;]/report[@name=&apos;Search Response Time Trends&apos;]</value>
</searchPath>
<storeID xsi:type="cm:guidProp">
	<value xsi:type="cm:guid" xml:space="preserve"></value>
</storeID></item>
</value>
			</target>
		</props>
	</object>
	<object>
		<class>shortcut</class>
		<name>Search Activity Over Time</name>
		<parentId>9</parentId>
		<storeID>i197633C050F847DEA32E7E9A7E8F884D</storeID>
		<props>
			<creationTime>
				<value>2008-06-24T14:41:50.623Z</value>
			</creationTime>
			<modificationTime>
				<value>2008-06-24T14:41:50.623Z</value>
			</modificationTime>
			<name>
				<value><item><locale xsi:type="xsd:string">en</locale><value xsi:type="xsd:string">Search Activity Over Time</value></item>
</value>
			</name>
			<owner>
				<value><item><searchPath xsi:type="cm:stringProp">
	<value xsi:type="xsd:string" xml:space="preserve">CAMID(&quot;::Anonymous&quot;)</value>
</searchPath>
<storeID xsi:type="cm:guidProp">
	<value xsi:type="cm:guid" xml:space="preserve">xOjpBbm9ueW1vdXM_</value>
</storeID></item>
</value>
			</owner>
			<displaySequence>
				<value>0</value>
			</displaySequence>
			<hidden>
				<value>false</value>
			</hidden>
			<viewed>
				<value>false</value>
			</viewed>
			<target>
				<value><item><searchPath xsi:type="cm:stringProp">
	<value xsi:type="xsd:string" xml:space="preserve">/content/package[@name=&apos;Search (Model)&apos;]/report[@name=&apos;Search Activity Over Time&apos;]</value>
</searchPath>
<storeID xsi:type="cm:guidProp">
	<value xsi:type="cm:guid" xml:space="preserve"></value>
</storeID></item>
</value>
			</target>
		</props>
	</object>
  </objects>
</archive>
