<?xml version='1.0' encoding='UTF-8'?>
<deploymentRecord xmlns:SOAP-ENV="http://schemas.xmlsoap.org/soap/envelope/" xmlns:SOAP-ENC="http://schemas.xmlsoap.org/soap/encoding/" xmlns:xsd="http://www.w3.org/2001/XMLSchema" xmlns:xsi="http://www.w3.org/2001/XMLSchema-instance" xmlns:bus="http://developer.cognos.com/schemas/bibus/3/" xmlns:cm="http://developer.cognos.com/schemas/bibus/3/">
	<cmBuildNumber xsi:type="xsd:string">8.4.6013.0</cmBuildNumber>
	<edition xsi:type="xsd:string">Enterprise</edition>
	<archiveVersion xsi:type="xsd:string">6</archiveVersion>
	<archive xsi:type="xsd:string">Commerce</archive>
	<options xsi:type="SOAP-ENC:Array" SOAP-ENC:arrayType="bus:deploymentOption[26]">
		<item xsi:type="bus:deploymentOptionMultilingualString">
			<name xsi:type="bus:deploymentOptionEnum">deploymentName</name>
			<value xsi:type="SOAP-ENC:Array" SOAP-ENC:arrayType="bus:multilingualString[1]">
				<item xsi:type="bus:multilingualString">
					<locale xsi:type="xsd:string">en-us</locale><value xsi:type="xsd:string">Commerce</value>
				</item>
			</value>
		</item>
		<item xsi:type="bus:deploymentOptionMultilingualString">
			<name xsi:type="bus:deploymentOptionEnum">deploymentDescription</name>
			<value xsi:type="SOAP-ENC:Array" SOAP-ENC:arrayType="bus:multilingualString[1]">
				<item xsi:type="bus:multilingualString">
					<locale xsi:type="xsd:string">en-us</locale><value xsi:type="xsd:string"></value>
				</item>
			</value>
		</item>
		<item xsi:type="bus:deploymentOptionMultilingualString">
			<name xsi:type="bus:deploymentOptionEnum">deploymentScreenTip</name>
			<value xsi:type="SOAP-ENC:Array" SOAP-ENC:arrayType="bus:multilingualString[1]">
				<item xsi:type="bus:multilingualString">
					<locale xsi:type="xsd:string">en-us</locale><value xsi:type="xsd:string"></value>
				</item>
			</value>
		</item>
		<item xsi:type="bus:deploymentOptionSearchPathSingleObjectArray">
			<name xsi:type="bus:deploymentOptionEnum">export</name>
			<value xsi:type="SOAP-ENC:Array" SOAP-ENC:arrayType="bus:searchPathSingleObject[3]">
				<item xsi:type="bus:searchPathSingleObject">/content/folder[@name=&apos;ATG&apos;]</item>
				<item xsi:type="bus:searchPathSingleObject">/content/package[@name=&apos;Commerce&apos;]</item>
				<item xsi:type="bus:searchPathSingleObject">/content/package[@name=&apos;Commerce (Model)&apos;]</item>
			</value>
		</item>
		<item xsi:type="bus:deploymentOptionImportRuleArray">
			<name xsi:type="bus:deploymentOptionEnum">import</name>
			<value xsi:type="SOAP-ENC:Array" SOAP-ENC:arrayType="bus:deploymentImportRule[3]">
				<item xsi:type="bus:deploymentImportRule">
					<archiveSearchPath xsi:type="bus:searchPathSingleObject">/content/folder[@name=&apos;ATG&apos;]</archiveSearchPath>
					<disabled xsi:type="xsd:boolean">false</disabled>
					<name xsi:type="SOAP-ENC:Array" SOAP-ENC:arrayType="bus:multilingualToken[26]">
						<item xsi:type="bus:multilingualToken">
							<locale xsi:type="xsd:string">zh-tw</locale><value xsi:type="xsd:string">ATG</value>
						</item>
						<item xsi:type="bus:multilingualToken">
							<locale xsi:type="xsd:string">zh-sg</locale><value xsi:type="xsd:string">ATG</value>
						</item>
						<item xsi:type="bus:multilingualToken">
							<locale xsi:type="xsd:string">zh-mo</locale><value xsi:type="xsd:string">ATG</value>
						</item>
						<item xsi:type="bus:multilingualToken">
							<locale xsi:type="xsd:string">zh-hk</locale><value xsi:type="xsd:string">ATG</value>
						</item>
						<item xsi:type="bus:multilingualToken">
							<locale xsi:type="xsd:string">zh-cn</locale><value xsi:type="xsd:string">ATG</value>
						</item>
						<item xsi:type="bus:multilingualToken">
							<locale xsi:type="xsd:string">th</locale><value xsi:type="xsd:string">ATG</value>
						</item>
						<item xsi:type="bus:multilingualToken">
							<locale xsi:type="xsd:string">sv</locale><value xsi:type="xsd:string">ATG</value>
						</item>
						<item xsi:type="bus:multilingualToken">
							<locale xsi:type="xsd:string">ru</locale><value xsi:type="xsd:string">ATG</value>
						</item>
						<item xsi:type="bus:multilingualToken">
							<locale xsi:type="xsd:string">pt</locale><value xsi:type="xsd:string">ATG</value>
						</item>
						<item xsi:type="bus:multilingualToken">
							<locale xsi:type="xsd:string">pl</locale><value xsi:type="xsd:string">ATG</value>
						</item>
						<item xsi:type="bus:multilingualToken">
							<locale xsi:type="xsd:string">no</locale><value xsi:type="xsd:string">ATG</value>
						</item>
						<item xsi:type="bus:multilingualToken">
							<locale xsi:type="xsd:string">nl</locale><value xsi:type="xsd:string">ATG</value>
						</item>
						<item xsi:type="bus:multilingualToken">
							<locale xsi:type="xsd:string">ms</locale><value xsi:type="xsd:string">ATG</value>
						</item>
						<item xsi:type="bus:multilingualToken">
							<locale xsi:type="xsd:string">ko</locale><value xsi:type="xsd:string">ATG</value>
						</item>
						<item xsi:type="bus:multilingualToken">
							<locale xsi:type="xsd:string">ja</locale><value xsi:type="xsd:string">ATG</value>
						</item>
						<item xsi:type="bus:multilingualToken">
							<locale xsi:type="xsd:string">it</locale><value xsi:type="xsd:string">ATG</value>
						</item>
						<item xsi:type="bus:multilingualToken">
							<locale xsi:type="xsd:string">id</locale><value xsi:type="xsd:string">ATG</value>
						</item>
						<item xsi:type="bus:multilingualToken">
							<locale xsi:type="xsd:string">hu</locale><value xsi:type="xsd:string">ATG</value>
						</item>
						<item xsi:type="bus:multilingualToken">
							<locale xsi:type="xsd:string">fr</locale><value xsi:type="xsd:string">ATG</value>
						</item>
						<item xsi:type="bus:multilingualToken">
							<locale xsi:type="xsd:string">fi</locale><value xsi:type="xsd:string">ATG</value>
						</item>
						<item xsi:type="bus:multilingualToken">
							<locale xsi:type="xsd:string">es</locale><value xsi:type="xsd:string">ATG</value>
						</item>
						<item xsi:type="bus:multilingualToken">
							<locale xsi:type="xsd:string">en</locale><value xsi:type="xsd:string">ATG</value>
						</item>
						<item xsi:type="bus:multilingualToken">
							<locale xsi:type="xsd:string">el</locale><value xsi:type="xsd:string">ATG</value>
						</item>
						<item xsi:type="bus:multilingualToken">
							<locale xsi:type="xsd:string">de</locale><value xsi:type="xsd:string">ATG</value>
						</item>
						<item xsi:type="bus:multilingualToken">
							<locale xsi:type="xsd:string">da</locale><value xsi:type="xsd:string">ATG</value>
						</item>
						<item xsi:type="bus:multilingualToken">
							<locale xsi:type="xsd:string">cs</locale><value xsi:type="xsd:string">ATG</value>
						</item>
					</name>
					<parent xsi:type="bus:searchPathSingleObject">/content</parent>
				</item>
				<item xsi:type="bus:deploymentImportRule">
					<archiveSearchPath xsi:type="bus:searchPathSingleObject">/content/package[@name=&apos;Commerce&apos;]</archiveSearchPath>
					<disabled xsi:type="xsd:boolean">false</disabled>
					<name xsi:type="SOAP-ENC:Array" SOAP-ENC:arrayType="bus:multilingualToken[1]">
						<item xsi:type="bus:multilingualToken">
							<locale xsi:type="xsd:string">en</locale><value xsi:type="xsd:string">Commerce</value>
						</item>
					</name>
					<parent xsi:type="bus:searchPathSingleObject">/content</parent>
				</item>
				<item xsi:type="bus:deploymentImportRule">
					<archiveSearchPath xsi:type="bus:searchPathSingleObject">/content/package[@name=&apos;Commerce (Model)&apos;]</archiveSearchPath>
					<disabled xsi:type="xsd:boolean">false</disabled>
					<name xsi:type="SOAP-ENC:Array" SOAP-ENC:arrayType="bus:multilingualToken[1]">
						<item xsi:type="bus:multilingualToken">
							<locale xsi:type="xsd:string">en</locale><value xsi:type="xsd:string">Commerce (Model)</value>
						</item>
					</name>
					<parent xsi:type="bus:searchPathSingleObject">/content</parent>
				</item>
			</value>
		</item>
		<item xsi:type="bus:deploymentOptionString">
			<name xsi:type="bus:deploymentOptionEnum">archive</name>
			<value xsi:type="xsd:string">Commerce</value>
		</item>
		<item xsi:type="bus:deploymentOptionBoolean">
			<name xsi:type="bus:deploymentOptionEnum">archiveOverwrite</name>
			<value xsi:type="xsd:boolean">true</value>
		</item>
		<item xsi:type="bus:deploymentOptionBoolean">
			<name xsi:type="bus:deploymentOptionEnum">packageSelect</name>
			<value xsi:type="xsd:boolean">true</value>
		</item>
		<item xsi:type="bus:deploymentOptionBoolean">
			<name xsi:type="bus:deploymentOptionEnum">entireContentStoreSelect</name>
			<value xsi:type="xsd:boolean">false</value>
		</item>
		<item xsi:type="bus:deploymentOptionBoolean">
			<name xsi:type="bus:deploymentOptionEnum">takeOwnership</name>
			<value xsi:type="xsd:boolean">false</value>
		</item>
		<item xsi:type="bus:deploymentOptionResolution">
			<name xsi:type="bus:deploymentOptionEnum">ownershipConflictResolution</name>
			<value xsi:type="bus:conflictResolutionEnum">replace</value>
		</item>
		<item xsi:type="bus:deploymentOptionBoolean">
			<name xsi:type="bus:deploymentOptionEnum">objectPolicies</name>
			<value xsi:type="xsd:boolean">false</value>
		</item>
		<item xsi:type="bus:deploymentOptionResolution">
			<name xsi:type="bus:deploymentOptionEnum">objectPoliciesConflictResolution</name>
			<value xsi:type="bus:conflictResolutionEnum">replace</value>
		</item>
		<item xsi:type="bus:deploymentOptionBoolean">
			<name xsi:type="bus:deploymentOptionEnum">packageOutputs</name>
			<value xsi:type="xsd:boolean">false</value>
		</item>
		<item xsi:type="bus:deploymentOptionResolution">
			<name xsi:type="bus:deploymentOptionEnum">packageOutputsConflictResolution</name>
			<value xsi:type="bus:conflictResolutionEnum">replace</value>
		</item>
		<item xsi:type="bus:deploymentOptionBoolean">
			<name xsi:type="bus:deploymentOptionEnum">packageHistories</name>
			<value xsi:type="xsd:boolean">false</value>
		</item>
		<item xsi:type="bus:deploymentOptionResolution">
			<name xsi:type="bus:deploymentOptionEnum">packageHistoriesConflictResolution</name>
			<value xsi:type="bus:conflictResolutionEnum">replace</value>
		</item>
		<item xsi:type="bus:deploymentOptionBoolean">
			<name xsi:type="bus:deploymentOptionEnum">packageSchedules</name>
			<value xsi:type="xsd:boolean">false</value>
		</item>
		<item xsi:type="bus:deploymentOptionResolution">
			<name xsi:type="bus:deploymentOptionEnum">packageSchedulesConflictResolution</name>
			<value xsi:type="bus:conflictResolutionEnum">replace</value>
		</item>
		<item xsi:type="bus:deploymentOptionBoolean">
			<name xsi:type="bus:deploymentOptionEnum">personalDataSelect</name>
			<value xsi:type="xsd:boolean">false</value>
		</item>
		<item xsi:type="bus:deploymentOptionBoolean">
			<name xsi:type="bus:deploymentOptionEnum">namespaceSelect</name>
			<value xsi:type="xsd:boolean">false</value>
		</item>
		<item xsi:type="bus:deploymentOptionBoolean">
			<name xsi:type="bus:deploymentOptionEnum">namespaceThirdParty</name>
			<value xsi:type="xsd:boolean">false</value>
		</item>
		<item xsi:type="bus:deploymentOptionResolution">
			<name xsi:type="bus:deploymentOptionEnum">namespaceConflictResolution</name>
			<value xsi:type="bus:conflictResolutionEnum">replace</value>
		</item>
		<item xsi:type="bus:deploymentOptionBoolean">
			<name xsi:type="bus:deploymentOptionEnum">dataSourceSelect</name>
			<value xsi:type="xsd:boolean">false</value>
		</item>
		<item xsi:type="bus:deploymentOptionBoolean">
			<name xsi:type="bus:deploymentOptionEnum">dataSourceSignonSelect</name>
			<value xsi:type="xsd:boolean">false</value>
		</item>
		<item xsi:type="bus:deploymentOptionResolution">
			<name xsi:type="bus:deploymentOptionEnum">dataSourceConflictResolution</name>
			<value xsi:type="bus:conflictResolutionEnum">replace</value>
		</item>
		<item xsi:type="bus:deploymentOptionBoolean">
			<name xsi:type="bus:deploymentOptionEnum">recipientsSelect</name>
			<value xsi:type="xsd:boolean">false</value>
		</item>
		<item xsi:type="bus:deploymentOptionResolution">
			<name xsi:type="bus:deploymentOptionEnum">recipientsConflictResolution</name>
			<value xsi:type="bus:conflictResolutionEnum">replace</value>
		</item>
	</options>
	<deploymentObjects xsi:type="SOAP-ENC:Array" SOAP-ENC:arrayType="bus:deploymentObject[144]">
	</deploymentObjects>
</deploymentRecord>
