<?xml version='1.0' encoding='UTF-8'?>
<archive xmlns:SOAP-ENV="http://schemas.xmlsoap.org/soap/envelope/" xmlns:SOAP-ENC="http://schemas.xmlsoap.org/soap/encoding/" xmlns:xsd="http://www.w3.org/2001/XMLSchema" xmlns:xsi="http://www.w3.org/2001/XMLSchema-instance" xmlns:bus="http://developer.cognos.com/schemas/bibus/3/" xmlns:cm="http://developer.cognos.com/schemas/bibus/3/">
<!-- CM Build=8.4.6013.0 -->
  <objects>
	<object>
		<class>package</class>
		<name>Commerce</name>
		<id>1</id>
		<parentId>0</parentId>
		<storeID>i3D50B678EC43481DAD1E7A4C4EB4F175</storeID>
		<props>
			<creationTime>
				<value>2007-02-12T18:13:09.213Z</value>
			</creationTime>
			<modificationTime>
				<value>2010-10-08T19:16:12.646Z</value>
			</modificationTime>
			<name>
				<value><item><locale xsi:type="xsd:string">en</locale><value xsi:type="xsd:string">Commerce</value></item>
</value>
			</name>
			<disabled>
				<value>false</value>
			</disabled>
			<owner>
				<value><item><searchPath xsi:type="cm:stringProp">
	<value xsi:type="xsd:string" xml:space="preserve">CAMID(&quot;::Anonymous&quot;)</value>
</searchPath>
<storeID xsi:type="cm:guidProp">
	<value xsi:type="cm:guid" xml:space="preserve">xOjpBbm9ueW1vdXM_</value>
</storeID></item>
</value>
			</owner>
			<displaySequence>
				<value>5</value>
			</displaySequence>
			<hidden>
				<value>false</value>
			</hidden>
			<viewed>
				<value>false</value>
			</viewed>
			<retentions>
				<value><item><objectClass xsi:type="cm:classEnum">model</objectClass><prop xsi:type="cm:propEnum">creationTime</prop><maxObjects xsi:type="xsd:integer">1</maxObjects></item>
</value>
			</retentions>
			<defaultPortalAction>
				<value>view</value>
			</defaultPortalAction>
			<userInterfaces>
				<value><item>eventStudio</item>
<item>analysisStudio</item>
<item>queryStudio</item>
<item>reportStudio</item>
</value>
			</userInterfaces>
		</props>
	</object>
	<object>
		<class>packageConfiguration</class>
		<name>Commerce</name>
		<parentId>1</parentId>
		<storeID>iC18F82DE21CA43C09027E331D17FAE13</storeID>
		<props>
			<creationTime>
				<value>2007-02-12T18:13:09.477Z</value>
			</creationTime>
			<modificationTime>
				<value>2007-02-12T18:13:09.477Z</value>
			</modificationTime>
			<name>
				<value><item><locale xsi:type="xsd:string">en</locale><value xsi:type="xsd:string">Commerce</value></item>
</value>
			</name>
			<owner>
				<value><item><searchPath xsi:type="cm:stringProp">
	<value xsi:type="xsd:string" xml:space="preserve">CAMID(&quot;::Anonymous&quot;)</value>
</searchPath>
<storeID xsi:type="cm:guidProp">
	<value xsi:type="cm:guid" xml:space="preserve">xOjpBbm9ueW1vdXM_</value>
</storeID></item>
</value>
			</owner>
			<displaySequence>
				<value>0</value>
			</displaySequence>
			<hidden>
				<value>false</value>
			</hidden>
			<viewed>
				<value>false</value>
			</viewed>
			<crosstabItemDisplayCountDefault>
				<value>5</value>
			</crosstabItemDisplayCountDefault>
			<crosstabItemDisplayCountLimit>
				<value>20</value>
			</crosstabItemDisplayCountLimit>
			<memberDisplayCountDefault>
				<value>20</value>
			</memberDisplayCountDefault>
			<memberDisplayCountLimit>
				<value>50</value>
			</memberDisplayCountLimit>
		</props>
	</object>
	<object>
		<class>model</class>
		<name>model</name>
		<id>2</id>
		<parentId>1</parentId>
		<storeID>i6EBEBBBB9C964975885147FA3CBBC58B</storeID>
		<props>
			<creationTime>
				<value>2010-10-08T19:16:12.646Z</value>
			</creationTime>
			<modificationTime>
				<value>2010-10-08T19:16:12.708Z</value>
			</modificationTime>
			<name>
				<value><item><locale xsi:type="xsd:string">en</locale><value xsi:type="xsd:string">model</value></item>
</value>
			</name>
			<owner>
				<value><item><searchPath xsi:type="cm:stringProp">
	<value xsi:type="xsd:string" xml:space="preserve">CAMID(&quot;::Anonymous&quot;)</value>
</searchPath>
<storeID xsi:type="cm:guidProp">
	<value xsi:type="cm:guid" xml:space="preserve">xOjpBbm9ueW1vdXM_</value>
</storeID></item>
</value>
			</owner>
			<displaySequence>
				<value>0</value>
			</displaySequence>
			<hidden>
				<value>false</value>
			</hidden>
			<viewed>
				<value>false</value>
			</viewed>
			<model>
				<value href="0.dat" size="104325"/>
			</model>
		</props>
	</object>
	<object>
		<class>modelView</class>
		<name>[].[securityViews].[Commerce]</name>
		<parentId>2</parentId>
		<storeID>i2A85C77A29F34ED4A80BB8A07BD59EFF</storeID>
		<props>
			<creationTime>
				<value>2010-10-08T19:16:12.708Z</value>
			</creationTime>
			<modificationTime>
				<value>2010-10-08T19:16:12.708Z</value>
			</modificationTime>
			<name>
				<value><item><locale xsi:type="xsd:string">en</locale><value xsi:type="xsd:string">[].[securityViews].[Commerce]</value></item>
</value>
			</name>
			<owner>
				<value><item><searchPath xsi:type="cm:stringProp">
	<value xsi:type="xsd:string" xml:space="preserve">CAMID(&quot;::Anonymous&quot;)</value>
</searchPath>
<storeID xsi:type="cm:guidProp">
	<value xsi:type="cm:guid" xml:space="preserve">xOjpBbm9ueW1vdXM_</value>
</storeID></item>
</value>
			</owner>
		</props>
	</object>
  </objects>
</archive>
