<?xml version='1.0' encoding='UTF-8'?>
<archive xmlns:SOAP-ENV="http://schemas.xmlsoap.org/soap/envelope/" xmlns:SOAP-ENC="http://schemas.xmlsoap.org/soap/encoding/" xmlns:xsd="http://www.w3.org/2001/XMLSchema" xmlns:xsi="http://www.w3.org/2001/XMLSchema-instance" xmlns:bus="http://developer.cognos.com/schemas/bibus/3/" xmlns:cm="http://developer.cognos.com/schemas/bibus/3/">
<!-- CM Build=8.4.6013.0 -->
  <objects>
	<object>
		<class>folder</class>
		<name>ATG</name>
		<id>1</id>
		<parentId>0</parentId>
		<storeID>i7B9E86193AF6468E826EE880D01788BB</storeID>
		<props>
			<creationTime>
				<value>2006-06-07T17:43:11.357Z</value>
			</creationTime>
			<modificationTime>
				<value>2008-05-14T18:18:49.650Z</value>
			</modificationTime>
			<name>
				<value><item><locale xsi:type="xsd:string">zh-tw</locale><value xsi:type="xsd:string">ATG</value></item>
<item><locale xsi:type="xsd:string">zh-sg</locale><value xsi:type="xsd:string">ATG</value></item>
<item><locale xsi:type="xsd:string">zh-mo</locale><value xsi:type="xsd:string">ATG</value></item>
<item><locale xsi:type="xsd:string">zh-hk</locale><value xsi:type="xsd:string">ATG</value></item>
<item><locale xsi:type="xsd:string">zh-cn</locale><value xsi:type="xsd:string">ATG</value></item>
<item><locale xsi:type="xsd:string">th</locale><value xsi:type="xsd:string">ATG</value></item>
<item><locale xsi:type="xsd:string">sv</locale><value xsi:type="xsd:string">ATG</value></item>
<item><locale xsi:type="xsd:string">ru</locale><value xsi:type="xsd:string">ATG</value></item>
<item><locale xsi:type="xsd:string">pt</locale><value xsi:type="xsd:string">ATG</value></item>
<item><locale xsi:type="xsd:string">pl</locale><value xsi:type="xsd:string">ATG</value></item>
<item><locale xsi:type="xsd:string">no</locale><value xsi:type="xsd:string">ATG</value></item>
<item><locale xsi:type="xsd:string">nl</locale><value xsi:type="xsd:string">ATG</value></item>
<item><locale xsi:type="xsd:string">ms</locale><value xsi:type="xsd:string">ATG</value></item>
<item><locale xsi:type="xsd:string">ko</locale><value xsi:type="xsd:string">ATG</value></item>
<item><locale xsi:type="xsd:string">ja</locale><value xsi:type="xsd:string">ATG</value></item>
<item><locale xsi:type="xsd:string">it</locale><value xsi:type="xsd:string">ATG</value></item>
<item><locale xsi:type="xsd:string">id</locale><value xsi:type="xsd:string">ATG</value></item>
<item><locale xsi:type="xsd:string">hu</locale><value xsi:type="xsd:string">ATG</value></item>
<item><locale xsi:type="xsd:string">fr</locale><value xsi:type="xsd:string">ATG</value></item>
<item><locale xsi:type="xsd:string">fi</locale><value xsi:type="xsd:string">ATG</value></item>
<item><locale xsi:type="xsd:string">es</locale><value xsi:type="xsd:string">ATG</value></item>
<item><locale xsi:type="xsd:string">en</locale><value xsi:type="xsd:string">ATG</value></item>
<item><locale xsi:type="xsd:string">el</locale><value xsi:type="xsd:string">ATG</value></item>
<item><locale xsi:type="xsd:string">de</locale><value xsi:type="xsd:string">ATG</value></item>
<item><locale xsi:type="xsd:string">da</locale><value xsi:type="xsd:string">ATG</value></item>
<item><locale xsi:type="xsd:string">cs</locale><value xsi:type="xsd:string">ATG</value></item>
</value>
			</name>
			<disabled>
				<value>false</value>
			</disabled>
			<owner>
				<value><item><searchPath xsi:type="cm:stringProp">
	<value xsi:type="xsd:string" xml:space="preserve">CAMID(&quot;::Anonymous&quot;)</value>
</searchPath>
<storeID xsi:type="cm:guidProp">
	<value xsi:type="cm:guid" xml:space="preserve">xOjpBbm9ueW1vdXM_</value>
</storeID></item>
</value>
			</owner>
			<displaySequence>
				<value>6</value>
			</displaySequence>
			<hidden>
				<value>false</value>
			</hidden>
			<viewed>
				<value>false</value>
			</viewed>
		</props>
	</object>
	<object>
		<class>folder</class>
		<name>Commerce</name>
		<id>2</id>
		<parentId>1</parentId>
		<storeID>i56702B21DE844CD18F38D59A2F8AF188</storeID>
		<props>
			<creationTime>
				<value>2006-10-19T23:50:09.160Z</value>
			</creationTime>
			<modificationTime>
				<value>2008-04-15T18:54:42.927Z</value>
			</modificationTime>
			<name>
				<value><item><locale xsi:type="xsd:string">en-us</locale><value xsi:type="xsd:string">Commerce</value></item>
</value>
			</name>
			<owner>
				<value><item><searchPath xsi:type="cm:stringProp">
	<value xsi:type="xsd:string" xml:space="preserve">CAMID(&quot;::Anonymous&quot;)</value>
</searchPath>
<storeID xsi:type="cm:guidProp">
	<value xsi:type="cm:guid" xml:space="preserve">xOjpBbm9ueW1vdXM_</value>
</storeID></item>
</value>
			</owner>
			<displaySequence>
				<value>4</value>
			</displaySequence>
			<hidden>
				<value>false</value>
			</hidden>
			<viewed>
				<value>false</value>
			</viewed>
		</props>
	</object>
	<object>
		<class>folder</class>
		<name>Dashboard Content</name>
		<id>3</id>
		<parentId>1</parentId>
		<storeID>iA5292A2F1F564EA5BB6CFCE442773273</storeID>
		<props>
			<creationTime>
				<value>2007-05-24T16:57:05.937Z</value>
			</creationTime>
			<modificationTime>
				<value>2008-04-15T18:52:39.243Z</value>
			</modificationTime>
			<name>
				<value><item><locale xsi:type="xsd:string">en-us</locale><value xsi:type="xsd:string">Dashboard Content</value></item>
</value>
			</name>
			<owner>
				<value><item><searchPath xsi:type="cm:stringProp">
	<value xsi:type="xsd:string" xml:space="preserve">CAMID(&quot;::Anonymous&quot;)</value>
</searchPath>
<storeID xsi:type="cm:guidProp">
	<value xsi:type="cm:guid" xml:space="preserve">xOjpBbm9ueW1vdXM_</value>
</storeID></item>
</value>
			</owner>
			<displaySequence>
				<value>1</value>
			</displaySequence>
			<hidden>
				<value>false</value>
			</hidden>
			<viewed>
				<value>false</value>
			</viewed>
		</props>
	</object>
	<object>
		<class>folder</class>
		<name>Marketing</name>
		<id>4</id>
		<parentId>1</parentId>
		<storeID>i00B2CC09979043949FF4C285F433AFE9</storeID>
		<props>
			<creationTime>
				<value>2008-04-15T18:56:11.967Z</value>
			</creationTime>
			<modificationTime>
				<value>2008-05-14T18:32:52.417Z</value>
			</modificationTime>
			<name>
				<value><item><locale xsi:type="xsd:string">en-us</locale><value xsi:type="xsd:string">Marketing</value></item>
</value>
			</name>
			<owner>
				<value><item><searchPath xsi:type="cm:stringProp">
	<value xsi:type="xsd:string" xml:space="preserve">CAMID(&quot;::Anonymous&quot;)</value>
</searchPath>
<storeID xsi:type="cm:guidProp">
	<value xsi:type="cm:guid" xml:space="preserve">xOjpBbm9ueW1vdXM_</value>
</storeID></item>
</value>
			</owner>
			<displaySequence>
				<value>2</value>
			</displaySequence>
			<hidden>
				<value>false</value>
			</hidden>
			<viewed>
				<value>false</value>
			</viewed>
		</props>
	</object>
	<object>
		<class>folder</class>
		<name>Search</name>
		<id>5</id>
		<parentId>1</parentId>
		<storeID>iBF6163D0480B464CBF40DD931F73FBC0</storeID>
		<props>
			<creationTime>
				<value>2008-05-14T18:18:49.650Z</value>
			</creationTime>
			<modificationTime>
				<value>2008-05-14T18:21:12.790Z</value>
			</modificationTime>
			<name>
				<value><item><locale xsi:type="xsd:string">en-us</locale><value xsi:type="xsd:string">Search</value></item>
</value>
			</name>
			<owner>
				<value><item><searchPath xsi:type="cm:stringProp">
	<value xsi:type="xsd:string" xml:space="preserve">CAMID(&quot;::Anonymous&quot;)</value>
</searchPath>
<storeID xsi:type="cm:guidProp">
	<value xsi:type="cm:guid" xml:space="preserve">xOjpBbm9ueW1vdXM_</value>
</storeID></item>
</value>
			</owner>
			<displaySequence>
				<value>3</value>
			</displaySequence>
			<hidden>
				<value>false</value>
			</hidden>
			<viewed>
				<value>false</value>
			</viewed>
		</props>
	</object>
	<object>
		<class>shortcut</class>
		<name>Marketer Dashboard</name>
		<parentId>2</parentId>
		<storeID>i2C5E8C6E784B410CBE700B986AD7E637</storeID>
		<props>
			<creationTime>
				<value>2008-04-15T19:02:12.140Z</value>
			</creationTime>
			<modificationTime>
				<value>2008-04-15T19:02:37.763Z</value>
			</modificationTime>
			<name>
				<value><item><locale xsi:type="xsd:string">en-us</locale><value xsi:type="xsd:string">Marketer Dashboard</value></item>
</value>
			</name>
			<owner>
				<value><item><searchPath xsi:type="cm:stringProp">
	<value xsi:type="xsd:string" xml:space="preserve">CAMID(&quot;::Anonymous&quot;)</value>
</searchPath>
<storeID xsi:type="cm:guidProp">
	<value xsi:type="cm:guid" xml:space="preserve">xOjpBbm9ueW1vdXM_</value>
</storeID></item>
</value>
			</owner>
			<displaySequence>
				<value>0</value>
			</displaySequence>
			<hidden>
				<value>false</value>
			</hidden>
			<viewed>
				<value>false</value>
			</viewed>
			<target>
				<value><item><searchPath xsi:type="cm:stringProp">
	<value xsi:type="xsd:string" xml:space="preserve">/content/package[@name=&apos;Commerce (Model)&apos;]/pagelet[@name=&apos;Marketer Dashboard&apos;]</value>
</searchPath>
<storeID xsi:type="cm:guidProp">
	<value xsi:type="cm:guid" xml:space="preserve"></value>
</storeID></item>
</value>
			</target>
		</props>
	</object>
	<object>
		<class>shortcut</class>
		<name>General Manager Dashboard</name>
		<parentId>2</parentId>
		<storeID>i13A25796452F47DAB826444A135C44DD</storeID>
		<props>
			<creationTime>
				<value>2008-04-15T19:01:33.657Z</value>
			</creationTime>
			<modificationTime>
				<value>2008-04-15T19:01:59.360Z</value>
			</modificationTime>
			<name>
				<value><item><locale xsi:type="xsd:string">en-us</locale><value xsi:type="xsd:string">General Manager Dashboard</value></item>
</value>
			</name>
			<owner>
				<value><item><searchPath xsi:type="cm:stringProp">
	<value xsi:type="xsd:string" xml:space="preserve">CAMID(&quot;::Anonymous&quot;)</value>
</searchPath>
<storeID xsi:type="cm:guidProp">
	<value xsi:type="cm:guid" xml:space="preserve">xOjpBbm9ueW1vdXM_</value>
</storeID></item>
</value>
			</owner>
			<displaySequence>
				<value>0</value>
			</displaySequence>
			<hidden>
				<value>false</value>
			</hidden>
			<viewed>
				<value>false</value>
			</viewed>
			<target>
				<value><item><searchPath xsi:type="cm:stringProp">
	<value xsi:type="xsd:string" xml:space="preserve">/content/package[@name=&apos;Commerce (Model)&apos;]/pagelet[@name=&apos;General Manager Dashboard&apos;]</value>
</searchPath>
<storeID xsi:type="cm:guidProp">
	<value xsi:type="cm:guid" xml:space="preserve"></value>
</storeID></item>
</value>
			</target>
		</props>
	</object>
	<object>
		<class>folder</class>
		<name>Promotions</name>
		<id>6</id>
		<parentId>2</parentId>
		<storeID>iB1C1A967D1224D18B2F4A784C03B2EC6</storeID>
		<props>
			<creationTime>
				<value>2007-03-26T14:22:19.753Z</value>
			</creationTime>
			<modificationTime>
				<value>2010-01-27T16:24:42.530Z</value>
			</modificationTime>
			<name>
				<value><item><locale xsi:type="xsd:string">en-us</locale><value xsi:type="xsd:string">Promotions</value></item>
</value>
			</name>
			<owner>
				<value><item><searchPath xsi:type="cm:stringProp">
	<value xsi:type="xsd:string" xml:space="preserve">CAMID(&quot;::Anonymous&quot;)</value>
</searchPath>
<storeID xsi:type="cm:guidProp">
	<value xsi:type="cm:guid" xml:space="preserve">xOjpBbm9ueW1vdXM_</value>
</storeID></item>
</value>
			</owner>
			<displaySequence>
				<value>0</value>
			</displaySequence>
			<hidden>
				<value>false</value>
			</hidden>
			<viewed>
				<value>false</value>
			</viewed>
		</props>
	</object>
	<object>
		<class>folder</class>
		<name>Sales</name>
		<id>7</id>
		<parentId>2</parentId>
		<storeID>i92260CD08E674D8084A68FA53F53B1A9</storeID>
		<props>
			<creationTime>
				<value>2008-04-15T18:54:42.927Z</value>
			</creationTime>
			<modificationTime>
				<value>2008-04-15T18:54:42.927Z</value>
			</modificationTime>
			<name>
				<value><item><locale xsi:type="xsd:string">en-us</locale><value xsi:type="xsd:string">Sales</value></item>
</value>
			</name>
			<owner>
				<value><item><searchPath xsi:type="cm:stringProp">
	<value xsi:type="xsd:string" xml:space="preserve">CAMID(&quot;::Anonymous&quot;)</value>
</searchPath>
<storeID xsi:type="cm:guidProp">
	<value xsi:type="cm:guid" xml:space="preserve">xOjpBbm9ueW1vdXM_</value>
</storeID></item>
</value>
			</owner>
			<displaySequence>
				<value>0</value>
			</displaySequence>
			<hidden>
				<value>false</value>
			</hidden>
			<viewed>
				<value>false</value>
			</viewed>
		</props>
	</object>
	<object>
		<class>shortcut</class>
		<name>Merchandiser Dashboard</name>
		<parentId>2</parentId>
		<storeID>iFD19C363F3A5470C8C8063441DE7BCB9</storeID>
		<props>
			<creationTime>
				<value>2008-04-15T19:02:48.310Z</value>
			</creationTime>
			<modificationTime>
				<value>2008-04-15T19:03:10.763Z</value>
			</modificationTime>
			<name>
				<value><item><locale xsi:type="xsd:string">en-us</locale><value xsi:type="xsd:string">Merchandiser Dashboard</value></item>
</value>
			</name>
			<owner>
				<value><item><searchPath xsi:type="cm:stringProp">
	<value xsi:type="xsd:string" xml:space="preserve">CAMID(&quot;::Anonymous&quot;)</value>
</searchPath>
<storeID xsi:type="cm:guidProp">
	<value xsi:type="cm:guid" xml:space="preserve">xOjpBbm9ueW1vdXM_</value>
</storeID></item>
</value>
			</owner>
			<displaySequence>
				<value>0</value>
			</displaySequence>
			<hidden>
				<value>false</value>
			</hidden>
			<viewed>
				<value>false</value>
			</viewed>
			<target>
				<value><item><searchPath xsi:type="cm:stringProp">
	<value xsi:type="xsd:string" xml:space="preserve">/content/package[@name=&apos;Commerce (Model)&apos;]/pagelet[@name=&apos;Merchandiser Dashboard&apos;]</value>
</searchPath>
<storeID xsi:type="cm:guidProp">
	<value xsi:type="cm:guid" xml:space="preserve"></value>
</storeID></item>
</value>
			</target>
		</props>
	</object>
	<object>
		<class>folder</class>
		<name>Commerce</name>
		<id>8</id>
		<parentId>3</parentId>
		<storeID>i2690111CBAD94103BB1780AF7FE1ECC3</storeID>
		<props>
			<creationTime>
				<value>2007-05-24T16:57:37.767Z</value>
			</creationTime>
			<modificationTime>
				<value>2007-05-24T17:06:43.207Z</value>
			</modificationTime>
			<name>
				<value><item><locale xsi:type="xsd:string">en-us</locale><value xsi:type="xsd:string">Commerce</value></item>
</value>
			</name>
			<owner>
				<value><item><searchPath xsi:type="cm:stringProp">
	<value xsi:type="xsd:string" xml:space="preserve">CAMID(&quot;::Anonymous&quot;)</value>
</searchPath>
<storeID xsi:type="cm:guidProp">
	<value xsi:type="cm:guid" xml:space="preserve">xOjpBbm9ueW1vdXM_</value>
</storeID></item>
</value>
			</owner>
			<displaySequence>
				<value>0</value>
			</displaySequence>
			<hidden>
				<value>false</value>
			</hidden>
			<viewed>
				<value>false</value>
			</viewed>
		</props>
	</object>
	<object>
		<class>folder</class>
		<name>Promotions</name>
		<id>9</id>
		<parentId>4</parentId>
		<storeID>i0BCE193EA185453EB270B83B313FA9F1</storeID>
		<props>
			<creationTime>
				<value>2007-03-26T14:22:19.753Z</value>
			</creationTime>
			<modificationTime>
				<value>2010-01-27T16:28:28.017Z</value>
			</modificationTime>
			<name>
				<value><item><locale xsi:type="xsd:string">en-us</locale><value xsi:type="xsd:string">Promotions</value></item>
</value>
			</name>
			<owner>
				<value><item><searchPath xsi:type="cm:stringProp">
	<value xsi:type="xsd:string" xml:space="preserve">CAMID(&quot;::Anonymous&quot;)</value>
</searchPath>
<storeID xsi:type="cm:guidProp">
	<value xsi:type="cm:guid" xml:space="preserve">xOjpBbm9ueW1vdXM_</value>
</storeID></item>
</value>
			</owner>
			<displaySequence>
				<value>1</value>
			</displaySequence>
			<hidden>
				<value>false</value>
			</hidden>
			<viewed>
				<value>false</value>
			</viewed>
		</props>
	</object>
	<object>
		<class>shortcut</class>
		<name>Marketer Dashboard</name>
		<parentId>4</parentId>
		<storeID>i6818E7DCFA5F49EEB194CF25AC9C0AD1</storeID>
		<props>
			<creationTime>
				<value>2008-04-15T19:02:12.140Z</value>
			</creationTime>
			<modificationTime>
				<value>2008-04-15T19:02:37.763Z</value>
			</modificationTime>
			<name>
				<value><item><locale xsi:type="xsd:string">en-us</locale><value xsi:type="xsd:string">Marketer Dashboard</value></item>
</value>
			</name>
			<owner>
				<value><item><searchPath xsi:type="cm:stringProp">
	<value xsi:type="xsd:string" xml:space="preserve">CAMID(&quot;::Anonymous&quot;)</value>
</searchPath>
<storeID xsi:type="cm:guidProp">
	<value xsi:type="cm:guid" xml:space="preserve">xOjpBbm9ueW1vdXM_</value>
</storeID></item>
</value>
			</owner>
			<displaySequence>
				<value>0</value>
			</displaySequence>
			<hidden>
				<value>false</value>
			</hidden>
			<viewed>
				<value>false</value>
			</viewed>
			<target>
				<value><item><searchPath xsi:type="cm:stringProp">
	<value xsi:type="xsd:string" xml:space="preserve">/content/package[@name=&apos;Commerce (Model)&apos;]/pagelet[@name=&apos;Marketer Dashboard&apos;]</value>
</searchPath>
<storeID xsi:type="cm:guidProp">
	<value xsi:type="cm:guid" xml:space="preserve"></value>
</storeID></item>
</value>
			</target>
		</props>
	</object>
	<object>
		<class>shortcut</class>
		<name>Merchandiser Dashboard</name>
		<parentId>4</parentId>
		<storeID>i95DB06B9C61F444B9EACD3CB30DD114C</storeID>
		<props>
			<creationTime>
				<value>2008-04-15T19:02:48.310Z</value>
			</creationTime>
			<modificationTime>
				<value>2008-04-15T19:03:10.763Z</value>
			</modificationTime>
			<name>
				<value><item><locale xsi:type="xsd:string">en-us</locale><value xsi:type="xsd:string">Merchandiser Dashboard</value></item>
</value>
			</name>
			<owner>
				<value><item><searchPath xsi:type="cm:stringProp">
	<value xsi:type="xsd:string" xml:space="preserve">CAMID(&quot;::Anonymous&quot;)</value>
</searchPath>
<storeID xsi:type="cm:guidProp">
	<value xsi:type="cm:guid" xml:space="preserve">xOjpBbm9ueW1vdXM_</value>
</storeID></item>
</value>
			</owner>
			<displaySequence>
				<value>0</value>
			</displaySequence>
			<hidden>
				<value>false</value>
			</hidden>
			<viewed>
				<value>false</value>
			</viewed>
			<target>
				<value><item><searchPath xsi:type="cm:stringProp">
	<value xsi:type="xsd:string" xml:space="preserve">/content/package[@name=&apos;Commerce (Model)&apos;]/pagelet[@name=&apos;Merchandiser Dashboard&apos;]</value>
</searchPath>
<storeID xsi:type="cm:guidProp">
	<value xsi:type="cm:guid" xml:space="preserve"></value>
</storeID></item>
</value>
			</target>
		</props>
	</object>
	<object>
		<class>folder</class>
		<name>Search Merchandising</name>
		<id>10</id>
		<parentId>4</parentId>
		<storeID>iA4E3B7ECC8B4411CAFB27BF20F9AB705</storeID>
		<props>
			<creationTime>
				<value>2008-05-14T18:32:52.417Z</value>
			</creationTime>
			<modificationTime>
				<value>2008-07-22T16:40:11.470Z</value>
			</modificationTime>
			<name>
				<value><item><locale xsi:type="xsd:string">en-us</locale><value xsi:type="xsd:string">Search Merchandising</value></item>
</value>
			</name>
			<owner>
				<value><item><searchPath xsi:type="cm:stringProp">
	<value xsi:type="xsd:string" xml:space="preserve">CAMID(&quot;::Anonymous&quot;)</value>
</searchPath>
<storeID xsi:type="cm:guidProp">
	<value xsi:type="cm:guid" xml:space="preserve">xOjpBbm9ueW1vdXM_</value>
</storeID></item>
</value>
			</owner>
			<displaySequence>
				<value>2</value>
			</displaySequence>
			<hidden>
				<value>false</value>
			</hidden>
			<viewed>
				<value>false</value>
			</viewed>
		</props>
	</object>
	<object>
		<class>folder</class>
		<name>Search Activity</name>
		<id>11</id>
		<parentId>5</parentId>
		<storeID>iDB89E094F4134C44A2C5CEDDF7D026A8</storeID>
		<props>
			<creationTime>
				<value>2008-05-14T18:21:12.790Z</value>
			</creationTime>
			<modificationTime>
				<value>2008-07-22T16:38:04.673Z</value>
			</modificationTime>
			<name>
				<value><item><locale xsi:type="xsd:string">en-us</locale><value xsi:type="xsd:string">Search Activity</value></item>
</value>
			</name>
			<owner>
				<value><item><searchPath xsi:type="cm:stringProp">
	<value xsi:type="xsd:string" xml:space="preserve">CAMID(&quot;::Anonymous&quot;)</value>
</searchPath>
<storeID xsi:type="cm:guidProp">
	<value xsi:type="cm:guid" xml:space="preserve">xOjpBbm9ueW1vdXM_</value>
</storeID></item>
</value>
			</owner>
			<displaySequence>
				<value>0</value>
			</displaySequence>
			<hidden>
				<value>false</value>
			</hidden>
			<viewed>
				<value>false</value>
			</viewed>
		</props>
	</object>
	<object>
		<class>shortcut</class>
		<name>Promotion Discount by Segment</name>
		<parentId>6</parentId>
		<storeID>iD8362565FFD1431DB0B84D48272147D1</storeID>
		<props>
			<creationTime>
				<value>2007-05-24T19:19:04.447Z</value>
			</creationTime>
			<modificationTime>
				<value>2007-05-24T19:19:04.447Z</value>
			</modificationTime>
			<name>
				<value><item><locale xsi:type="xsd:string">en-us</locale><value xsi:type="xsd:string">Promotion Discount by Segment</value></item>
</value>
			</name>
			<owner>
				<value><item><searchPath xsi:type="cm:stringProp">
	<value xsi:type="xsd:string" xml:space="preserve">CAMID(&quot;::Anonymous&quot;)</value>
</searchPath>
<storeID xsi:type="cm:guidProp">
	<value xsi:type="cm:guid" xml:space="preserve">xOjpBbm9ueW1vdXM_</value>
</storeID></item>
</value>
			</owner>
			<displaySequence>
				<value>0</value>
			</displaySequence>
			<hidden>
				<value>false</value>
			</hidden>
			<viewed>
				<value>false</value>
			</viewed>
			<target>
				<value><item><searchPath xsi:type="cm:stringProp">
	<value xsi:type="xsd:string" xml:space="preserve">/content/package[@name=&apos;Commerce (Model)&apos;]/report[@name=&apos;Promotion Discount by Segment&apos;]</value>
</searchPath>
<storeID xsi:type="cm:guidProp">
	<value xsi:type="cm:guid" xml:space="preserve"></value>
</storeID></item>
</value>
			</target>
		</props>
	</object>
	<object>
		<class>shortcut</class>
		<name>Promotion Indicators</name>
		<parentId>6</parentId>
		<storeID>i8CC125F0E304416DA6B3AA95A7559CA2</storeID>
		<props>
			<creationTime>
				<value>2007-04-10T19:11:18.497Z</value>
			</creationTime>
			<modificationTime>
				<value>2007-04-10T19:11:18.497Z</value>
			</modificationTime>
			<name>
				<value><item><locale xsi:type="xsd:string">en-us</locale><value xsi:type="xsd:string">Promotion Indicators</value></item>
</value>
			</name>
			<owner>
				<value><item><searchPath xsi:type="cm:stringProp">
	<value xsi:type="xsd:string" xml:space="preserve">CAMID(&quot;::Anonymous&quot;)</value>
</searchPath>
<storeID xsi:type="cm:guidProp">
	<value xsi:type="cm:guid" xml:space="preserve">xOjpBbm9ueW1vdXM_</value>
</storeID></item>
</value>
			</owner>
			<displaySequence>
				<value>0</value>
			</displaySequence>
			<hidden>
				<value>false</value>
			</hidden>
			<viewed>
				<value>false</value>
			</viewed>
			<target>
				<value><item><searchPath xsi:type="cm:stringProp">
	<value xsi:type="xsd:string" xml:space="preserve">/content/package[@name=&apos;Commerce (Model)&apos;]/report[@name=&apos;Promotion Indicators&apos;]</value>
</searchPath>
<storeID xsi:type="cm:guidProp">
	<value xsi:type="cm:guid" xml:space="preserve"></value>
</storeID></item>
</value>
			</target>
		</props>
	</object>
	<object>
		<class>shortcut</class>
		<name>Promotion Comparison</name>
		<parentId>6</parentId>
		<storeID>i09FE0B0292B444F49B06EF8E8637976A</storeID>
		<props>
			<creationTime>
				<value>2007-04-10T19:07:03.857Z</value>
			</creationTime>
			<modificationTime>
				<value>2007-05-15T20:19:43.517Z</value>
			</modificationTime>
			<name>
				<value><item><locale xsi:type="xsd:string">en-us</locale><value xsi:type="xsd:string">Promotion Comparison</value></item>
</value>
			</name>
			<owner>
				<value><item><searchPath xsi:type="cm:stringProp">
	<value xsi:type="xsd:string" xml:space="preserve">CAMID(&quot;::Anonymous&quot;)</value>
</searchPath>
<storeID xsi:type="cm:guidProp">
	<value xsi:type="cm:guid" xml:space="preserve">xOjpBbm9ueW1vdXM_</value>
</storeID></item>
</value>
			</owner>
			<description>
				<value><item><locale xsi:type="xsd:string">en-us</locale><value xsi:type="xsd:string">Promotions compared based on Average per Day Metrics.</value></item>
</value>
			</description>
			<screenTip>
				<value><item><locale xsi:type="xsd:string">en-us</locale><value xsi:type="xsd:string">Promotions compared based on Average per Day Metrics.</value></item>
</value>
			</screenTip>
			<displaySequence>
				<value>0</value>
			</displaySequence>
			<hidden>
				<value>false</value>
			</hidden>
			<viewed>
				<value>false</value>
			</viewed>
			<target>
				<value><item><searchPath xsi:type="cm:stringProp">
	<value xsi:type="xsd:string" xml:space="preserve">/content/package[@name=&apos;Commerce (Model)&apos;]/report[@name=&apos;Promotion Comparison&apos;]</value>
</searchPath>
<storeID xsi:type="cm:guidProp">
	<value xsi:type="cm:guid" xml:space="preserve"></value>
</storeID></item>
</value>
			</target>
		</props>
	</object>
	<object>
		<class>shortcut</class>
		<name>Promotion Performance by Segment</name>
		<parentId>6</parentId>
		<storeID>iB5194BAE65F249E0B58B74B3E5E77CAD</storeID>
		<props>
			<creationTime>
				<value>2007-04-10T19:07:51.917Z</value>
			</creationTime>
			<modificationTime>
				<value>2007-05-15T20:17:22.063Z</value>
			</modificationTime>
			<name>
				<value><item><locale xsi:type="xsd:string">en-us</locale><value xsi:type="xsd:string">Promotion Performance by Segment</value></item>
</value>
			</name>
			<owner>
				<value><item><searchPath xsi:type="cm:stringProp">
	<value xsi:type="xsd:string" xml:space="preserve">CAMID(&quot;::Anonymous&quot;)</value>
</searchPath>
<storeID xsi:type="cm:guidProp">
	<value xsi:type="cm:guid" xml:space="preserve">xOjpBbm9ueW1vdXM_</value>
</storeID></item>
</value>
			</owner>
			<description>
				<value><item><locale xsi:type="xsd:string">en-us</locale><value xsi:type="xsd:string">Promotion Performance across Segments for today and as of today.</value></item>
</value>
			</description>
			<screenTip>
				<value><item><locale xsi:type="xsd:string">en-us</locale><value xsi:type="xsd:string">Promotion Performance across Segments for today and as of today.</value></item>
</value>
			</screenTip>
			<displaySequence>
				<value>0</value>
			</displaySequence>
			<hidden>
				<value>false</value>
			</hidden>
			<viewed>
				<value>false</value>
			</viewed>
			<target>
				<value><item><searchPath xsi:type="cm:stringProp">
	<value xsi:type="xsd:string" xml:space="preserve">/content/package[@name=&apos;Commerce (Model)&apos;]/report[@name=&apos;Promotion Performance by Segment&apos;]</value>
</searchPath>
<storeID xsi:type="cm:guidProp">
	<value xsi:type="cm:guid" xml:space="preserve"></value>
</storeID></item>
</value>
			</target>
		</props>
	</object>
	<object>
		<class>shortcut</class>
		<name>Promotion Performance Trends</name>
		<parentId>6</parentId>
		<storeID>iA999951530E04BD8B410646726216D4D</storeID>
		<props>
			<creationTime>
				<value>2007-04-10T19:08:20.887Z</value>
			</creationTime>
			<modificationTime>
				<value>2007-05-15T20:19:25.643Z</value>
			</modificationTime>
			<name>
				<value><item><locale xsi:type="xsd:string">en-us</locale><value xsi:type="xsd:string">Promotion Performance Trends</value></item>
</value>
			</name>
			<owner>
				<value><item><searchPath xsi:type="cm:stringProp">
	<value xsi:type="xsd:string" xml:space="preserve">CAMID(&quot;::Anonymous&quot;)</value>
</searchPath>
<storeID xsi:type="cm:guidProp">
	<value xsi:type="cm:guid" xml:space="preserve">xOjpBbm9ueW1vdXM_</value>
</storeID></item>
</value>
			</owner>
			<description>
				<value><item><locale xsi:type="xsd:string">en-us</locale><value xsi:type="xsd:string">Number of Promotions granted since it started. Cumulative growth of Promotion Consumption.</value></item>
</value>
			</description>
			<screenTip>
				<value><item><locale xsi:type="xsd:string">en-us</locale><value xsi:type="xsd:string">Number of Promotions granted since it started. Cumulative growth of Promotion Consumption.</value></item>
</value>
			</screenTip>
			<displaySequence>
				<value>0</value>
			</displaySequence>
			<hidden>
				<value>false</value>
			</hidden>
			<viewed>
				<value>false</value>
			</viewed>
			<target>
				<value><item><searchPath xsi:type="cm:stringProp">
	<value xsi:type="xsd:string" xml:space="preserve">/content/package[@name=&apos;Commerce (Model)&apos;]/report[@name=&apos;Promotion Performance Trends&apos;]</value>
</searchPath>
<storeID xsi:type="cm:guidProp">
	<value xsi:type="cm:guid" xml:space="preserve"></value>
</storeID></item>
</value>
			</target>
		</props>
	</object>
	<object>
		<class>shortcut</class>
		<name>Storewide Promotions</name>
		<parentId>6</parentId>
		<storeID>i720390FFC6704E958AB9AA6665834C25</storeID>
		<props>
			<creationTime>
				<value>2007-04-10T19:39:52.773Z</value>
			</creationTime>
			<modificationTime>
				<value>2007-05-15T20:16:38.173Z</value>
			</modificationTime>
			<name>
				<value><item><locale xsi:type="xsd:string">en-us</locale><value xsi:type="xsd:string">Storewide Promotions</value></item>
</value>
			</name>
			<owner>
				<value><item><searchPath xsi:type="cm:stringProp">
	<value xsi:type="xsd:string" xml:space="preserve">CAMID(&quot;::Anonymous&quot;)</value>
</searchPath>
<storeID xsi:type="cm:guidProp">
	<value xsi:type="cm:guid" xml:space="preserve">xOjpBbm9ueW1vdXM_</value>
</storeID></item>
</value>
			</owner>
			<description>
				<value><item><locale xsi:type="xsd:string">en-us</locale><value xsi:type="xsd:string">All active promotions in the store today sorted by discount amount from high to low.</value></item>
</value>
			</description>
			<screenTip>
				<value><item><locale xsi:type="xsd:string">en-us</locale><value xsi:type="xsd:string">All active promotions in the store today sorted by discount amount from high to low.</value></item>
</value>
			</screenTip>
			<displaySequence>
				<value>0</value>
			</displaySequence>
			<hidden>
				<value>false</value>
			</hidden>
			<viewed>
				<value>false</value>
			</viewed>
			<target>
				<value><item><searchPath xsi:type="cm:stringProp">
	<value xsi:type="xsd:string" xml:space="preserve">/content/package[@name=&apos;Commerce (Model)&apos;]/report[@name=&apos;Storewide Promotions&apos;]</value>
</searchPath>
<storeID xsi:type="cm:guidProp">
	<value xsi:type="cm:guid" xml:space="preserve"></value>
</storeID></item>
</value>
			</target>
		</props>
	</object>
	<object>
		<class>shortcut</class>
		<name>Promotion Usage by Segment</name>
		<parentId>6</parentId>
		<storeID>iBCB5C9B9B8084FF3B388EDA2F44649A0</storeID>
		<props>
			<creationTime>
				<value>2007-04-10T19:09:15.480Z</value>
			</creationTime>
			<modificationTime>
				<value>2007-05-15T20:17:59.640Z</value>
			</modificationTime>
			<name>
				<value><item><locale xsi:type="xsd:string">en-us</locale><value xsi:type="xsd:string">Promotion Usage by Segment</value></item>
</value>
			</name>
			<owner>
				<value><item><searchPath xsi:type="cm:stringProp">
	<value xsi:type="xsd:string" xml:space="preserve">CAMID(&quot;::Anonymous&quot;)</value>
</searchPath>
<storeID xsi:type="cm:guidProp">
	<value xsi:type="cm:guid" xml:space="preserve">xOjpBbm9ueW1vdXM_</value>
</storeID></item>
</value>
			</owner>
			<description>
				<value><item><locale xsi:type="xsd:string">en-us</locale><value xsi:type="xsd:string">Promotion usage by Segment today and as of today.</value></item>
</value>
			</description>
			<screenTip>
				<value><item><locale xsi:type="xsd:string">en-us</locale><value xsi:type="xsd:string">Promotion usage by Segment today and as of today.</value></item>
</value>
			</screenTip>
			<displaySequence>
				<value>0</value>
			</displaySequence>
			<hidden>
				<value>false</value>
			</hidden>
			<viewed>
				<value>false</value>
			</viewed>
			<target>
				<value><item><searchPath xsi:type="cm:stringProp">
	<value xsi:type="xsd:string" xml:space="preserve">/content/package[@name=&apos;Commerce (Model)&apos;]/report[@name=&apos;Promotion Usage by Segment&apos;]</value>
</searchPath>
<storeID xsi:type="cm:guidProp">
	<value xsi:type="cm:guid" xml:space="preserve"></value>
</storeID></item>
</value>
			</target>
		</props>
	</object>
	<object>
		<class>shortcut</class>
		<name>Promotion Usage Trends</name>
		<parentId>6</parentId>
		<storeID>iDD594F87873042BEAB5638B1431F7331</storeID>
		<props>
			<creationTime>
				<value>2007-04-10T19:09:59.153Z</value>
			</creationTime>
			<modificationTime>
				<value>2007-05-15T20:18:31.750Z</value>
			</modificationTime>
			<name>
				<value><item><locale xsi:type="xsd:string">en-us</locale><value xsi:type="xsd:string">Promotion Usage Trends</value></item>
</value>
			</name>
			<owner>
				<value><item><searchPath xsi:type="cm:stringProp">
	<value xsi:type="xsd:string" xml:space="preserve">CAMID(&quot;::Anonymous&quot;)</value>
</searchPath>
<storeID xsi:type="cm:guidProp">
	<value xsi:type="cm:guid" xml:space="preserve">xOjpBbm9ueW1vdXM_</value>
</storeID></item>
</value>
			</owner>
			<description>
				<value><item><locale xsi:type="xsd:string">en-us</locale><value xsi:type="xsd:string">Number of Promotions granted since it started. Cumulative growth of Promotion Usage.</value></item>
</value>
			</description>
			<screenTip>
				<value><item><locale xsi:type="xsd:string">en-us</locale><value xsi:type="xsd:string">Number of Promotions granted since it started. Cumulative growth of Promotion Usage.</value></item>
</value>
			</screenTip>
			<displaySequence>
				<value>0</value>
			</displaySequence>
			<hidden>
				<value>false</value>
			</hidden>
			<viewed>
				<value>false</value>
			</viewed>
			<target>
				<value><item><searchPath xsi:type="cm:stringProp">
	<value xsi:type="xsd:string" xml:space="preserve">/content/package[@name=&apos;Commerce (Model)&apos;]/report[@name=&apos;Promotion Usage Trends&apos;]</value>
</searchPath>
<storeID xsi:type="cm:guidProp">
	<value xsi:type="cm:guid" xml:space="preserve"></value>
</storeID></item>
</value>
			</target>
		</props>
	</object>
	<object>
		<class>shortcut</class>
		<name>Revenue, Orders, Discount Affected by Promotions</name>
		<parentId>6</parentId>
		<storeID>i69125DC918A74AC997D626853EC3D642</storeID>
		<props>
			<creationTime>
				<value>2010-01-27T16:24:42.530Z</value>
			</creationTime>
			<modificationTime>
				<value>2010-01-27T16:26:01.547Z</value>
			</modificationTime>
			<name>
				<value><item><locale xsi:type="xsd:string">en-us</locale><value xsi:type="xsd:string">Revenue, Orders, Discount Affected by Promotions</value></item>
</value>
			</name>
			<owner>
				<value><item><searchPath xsi:type="cm:stringProp">
	<value xsi:type="xsd:string" xml:space="preserve">CAMID(&quot;::Anonymous&quot;)</value>
</searchPath>
<storeID xsi:type="cm:guidProp">
	<value xsi:type="cm:guid" xml:space="preserve">xOjpBbm9ueW1vdXM_</value>
</storeID></item>
</value>
			</owner>
			<description>
				<value><item><locale xsi:type="xsd:string">en-us</locale><value xsi:type="xsd:string">Revenue on Orders affected by the promotion, Number of Orders affected by promotions and Discount on a promotion since it started.</value></item>
</value>
			</description>
			<screenTip>
				<value><item><locale xsi:type="xsd:string">en-us</locale><value xsi:type="xsd:string">Revenue on Orders affected by the promotion, Number of Orders affected by promotions and Discount on</value></item>
</value>
			</screenTip>
			<displaySequence>
				<value>0</value>
			</displaySequence>
			<hidden>
				<value>false</value>
			</hidden>
			<viewed>
				<value>false</value>
			</viewed>
			<target>
				<value><item><searchPath xsi:type="cm:stringProp">
	<value xsi:type="xsd:string" xml:space="preserve">/content/package[@name=&apos;Commerce (Model)&apos;]/report[@name=&apos;Revenue, Orders, Discount Affected by Promotions&apos;]</value>
</searchPath>
<storeID xsi:type="cm:guidProp">
	<value xsi:type="cm:guid" xml:space="preserve"></value>
</storeID></item>
</value>
			</target>
		</props>
	</object>
	<object>
		<class>folder</class>
		<name>All Sales</name>
		<id>12</id>
		<parentId>7</parentId>
		<storeID>i1977ED8E3F204BE49AD4827CF7E51E22</storeID>
		<props>
			<creationTime>
				<value>2007-04-11T12:51:53.283Z</value>
			</creationTime>
			<modificationTime>
				<value>2008-04-15T18:52:58.070Z</value>
			</modificationTime>
			<name>
				<value><item><locale xsi:type="xsd:string">en-us</locale><value xsi:type="xsd:string">All Sales</value></item>
</value>
			</name>
			<owner>
				<value><item><searchPath xsi:type="cm:stringProp">
	<value xsi:type="xsd:string" xml:space="preserve">CAMID(&quot;::Anonymous&quot;)</value>
</searchPath>
<storeID xsi:type="cm:guidProp">
	<value xsi:type="cm:guid" xml:space="preserve">xOjpBbm9ueW1vdXM_</value>
</storeID></item>
</value>
			</owner>
			<displaySequence>
				<value>0</value>
			</displaySequence>
			<hidden>
				<value>false</value>
			</hidden>
			<viewed>
				<value>false</value>
			</viewed>
		</props>
	</object>
	<object>
		<class>folder</class>
		<name>Promotions</name>
		<id>13</id>
		<parentId>8</parentId>
		<storeID>iF9CEE8793B90454E9731EB038F6FAB70</storeID>
		<props>
			<creationTime>
				<value>2007-05-24T17:04:36.440Z</value>
			</creationTime>
			<modificationTime>
				<value>2007-05-24T17:05:33.067Z</value>
			</modificationTime>
			<name>
				<value><item><locale xsi:type="xsd:string">en-us</locale><value xsi:type="xsd:string">Promotions</value></item>
</value>
			</name>
			<owner>
				<value><item><searchPath xsi:type="cm:stringProp">
	<value xsi:type="xsd:string" xml:space="preserve">CAMID(&quot;::Anonymous&quot;)</value>
</searchPath>
<storeID xsi:type="cm:guidProp">
	<value xsi:type="cm:guid" xml:space="preserve">xOjpBbm9ueW1vdXM_</value>
</storeID></item>
</value>
			</owner>
			<displaySequence>
				<value>0</value>
			</displaySequence>
			<hidden>
				<value>false</value>
			</hidden>
			<viewed>
				<value>false</value>
			</viewed>
		</props>
	</object>
	<object>
		<class>folder</class>
		<name>Sales</name>
		<id>14</id>
		<parentId>8</parentId>
		<storeID>i4B2C61CE82A348BB8D290E31ECA7B546</storeID>
		<props>
			<creationTime>
				<value>2007-05-24T16:59:52.190Z</value>
			</creationTime>
			<modificationTime>
				<value>2008-04-16T12:57:21.813Z</value>
			</modificationTime>
			<name>
				<value><item><locale xsi:type="xsd:string">en-us</locale><value xsi:type="xsd:string">Sales</value></item>
</value>
			</name>
			<owner>
				<value><item><searchPath xsi:type="cm:stringProp">
	<value xsi:type="xsd:string" xml:space="preserve">CAMID(&quot;::Anonymous&quot;)</value>
</searchPath>
<storeID xsi:type="cm:guidProp">
	<value xsi:type="cm:guid" xml:space="preserve">xOjpBbm9ueW1vdXM_</value>
</storeID></item>
</value>
			</owner>
			<displaySequence>
				<value>0</value>
			</displaySequence>
			<hidden>
				<value>false</value>
			</hidden>
			<viewed>
				<value>false</value>
			</viewed>
		</props>
	</object>
	<object>
		<class>folder</class>
		<name>Products</name>
		<id>15</id>
		<parentId>8</parentId>
		<storeID>i1AE28986C2BD4211A387601E057E015F</storeID>
		<props>
			<creationTime>
				<value>2007-05-24T17:02:19.440Z</value>
			</creationTime>
			<modificationTime>
				<value>2007-05-24T17:03:13.783Z</value>
			</modificationTime>
			<name>
				<value><item><locale xsi:type="xsd:string">en-us</locale><value xsi:type="xsd:string">Products</value></item>
</value>
			</name>
			<owner>
				<value><item><searchPath xsi:type="cm:stringProp">
	<value xsi:type="xsd:string" xml:space="preserve">CAMID(&quot;::Anonymous&quot;)</value>
</searchPath>
<storeID xsi:type="cm:guidProp">
	<value xsi:type="cm:guid" xml:space="preserve">xOjpBbm9ueW1vdXM_</value>
</storeID></item>
</value>
			</owner>
			<displaySequence>
				<value>0</value>
			</displaySequence>
			<hidden>
				<value>false</value>
			</hidden>
			<viewed>
				<value>false</value>
			</viewed>
		</props>
	</object>
	<object>
		<class>shortcut</class>
		<name>Revenue, Orders, Discount Affected by Promotions</name>
		<parentId>9</parentId>
		<storeID>i411BCA441E104CACBAEF475ACF58BA76</storeID>
		<props>
			<creationTime>
				<value>2010-01-27T16:28:28.017Z</value>
			</creationTime>
			<modificationTime>
				<value>2010-01-27T16:48:44.000Z</value>
			</modificationTime>
			<name>
				<value><item><locale xsi:type="xsd:string">en-us</locale><value xsi:type="xsd:string">Revenue, Orders, Discount Affected by Promotions</value></item>
</value>
			</name>
			<owner>
				<value><item><searchPath xsi:type="cm:stringProp">
	<value xsi:type="xsd:string" xml:space="preserve">CAMID(&quot;::Anonymous&quot;)</value>
</searchPath>
<storeID xsi:type="cm:guidProp">
	<value xsi:type="cm:guid" xml:space="preserve">xOjpBbm9ueW1vdXM_</value>
</storeID></item>
</value>
			</owner>
			<description>
				<value><item><locale xsi:type="xsd:string">en-us</locale><value xsi:type="xsd:string">Revenue on Orders affected by the promotion, Number of Orders affected by promotions and Discount on a promotion since it started.</value></item>
</value>
			</description>
			<screenTip>
				<value><item><locale xsi:type="xsd:string">en-us</locale><value xsi:type="xsd:string">Revenue on Orders affected by the promotion, Number of Orders affected by promotions and Discount on</value></item>
</value>
			</screenTip>
			<displaySequence>
				<value>0</value>
			</displaySequence>
			<hidden>
				<value>false</value>
			</hidden>
			<viewed>
				<value>false</value>
			</viewed>
			<target>
				<value><item><searchPath xsi:type="cm:stringProp">
	<value xsi:type="xsd:string" xml:space="preserve">/content/package[@name=&apos;Commerce (Model)&apos;]/report[@name=&apos;Revenue, Orders, Discount Affected by Promotions&apos;]</value>
</searchPath>
<storeID xsi:type="cm:guidProp">
	<value xsi:type="cm:guid" xml:space="preserve"></value>
</storeID></item>
</value>
			</target>
		</props>
	</object>
	<object>
		<class>shortcut</class>
		<name>Promotion Discount by Segment</name>
		<parentId>9</parentId>
		<storeID>iF7F48BCBAA7B4B5589150AE86557F2DD</storeID>
		<props>
			<creationTime>
				<value>2007-05-24T19:19:04.447Z</value>
			</creationTime>
			<modificationTime>
				<value>2007-05-24T19:19:04.447Z</value>
			</modificationTime>
			<name>
				<value><item><locale xsi:type="xsd:string">en-us</locale><value xsi:type="xsd:string">Promotion Discount by Segment</value></item>
</value>
			</name>
			<owner>
				<value><item><searchPath xsi:type="cm:stringProp">
	<value xsi:type="xsd:string" xml:space="preserve">CAMID(&quot;::Anonymous&quot;)</value>
</searchPath>
<storeID xsi:type="cm:guidProp">
	<value xsi:type="cm:guid" xml:space="preserve">xOjpBbm9ueW1vdXM_</value>
</storeID></item>
</value>
			</owner>
			<displaySequence>
				<value>0</value>
			</displaySequence>
			<hidden>
				<value>false</value>
			</hidden>
			<viewed>
				<value>false</value>
			</viewed>
			<target>
				<value><item><searchPath xsi:type="cm:stringProp">
	<value xsi:type="xsd:string" xml:space="preserve">/content/package[@name=&apos;Commerce (Model)&apos;]/report[@name=&apos;Promotion Discount by Segment&apos;]</value>
</searchPath>
<storeID xsi:type="cm:guidProp">
	<value xsi:type="cm:guid" xml:space="preserve"></value>
</storeID></item>
</value>
			</target>
		</props>
	</object>
	<object>
		<class>shortcut</class>
		<name>Promotion Indicators</name>
		<parentId>9</parentId>
		<storeID>iCFEC8053FC784339BC5DA572D702A072</storeID>
		<props>
			<creationTime>
				<value>2007-04-10T19:11:18.497Z</value>
			</creationTime>
			<modificationTime>
				<value>2007-04-10T19:11:18.497Z</value>
			</modificationTime>
			<name>
				<value><item><locale xsi:type="xsd:string">en-us</locale><value xsi:type="xsd:string">Promotion Indicators</value></item>
</value>
			</name>
			<owner>
				<value><item><searchPath xsi:type="cm:stringProp">
	<value xsi:type="xsd:string" xml:space="preserve">CAMID(&quot;::Anonymous&quot;)</value>
</searchPath>
<storeID xsi:type="cm:guidProp">
	<value xsi:type="cm:guid" xml:space="preserve">xOjpBbm9ueW1vdXM_</value>
</storeID></item>
</value>
			</owner>
			<displaySequence>
				<value>0</value>
			</displaySequence>
			<hidden>
				<value>false</value>
			</hidden>
			<viewed>
				<value>false</value>
			</viewed>
			<target>
				<value><item><searchPath xsi:type="cm:stringProp">
	<value xsi:type="xsd:string" xml:space="preserve">/content/package[@name=&apos;Commerce (Model)&apos;]/report[@name=&apos;Promotion Indicators&apos;]</value>
</searchPath>
<storeID xsi:type="cm:guidProp">
	<value xsi:type="cm:guid" xml:space="preserve"></value>
</storeID></item>
</value>
			</target>
		</props>
	</object>
	<object>
		<class>shortcut</class>
		<name>Promotion Comparison</name>
		<parentId>9</parentId>
		<storeID>iE25FB821417E468D9A69902C30F98E25</storeID>
		<props>
			<creationTime>
				<value>2007-04-10T19:07:03.857Z</value>
			</creationTime>
			<modificationTime>
				<value>2007-05-15T20:19:43.517Z</value>
			</modificationTime>
			<name>
				<value><item><locale xsi:type="xsd:string">en-us</locale><value xsi:type="xsd:string">Promotion Comparison</value></item>
</value>
			</name>
			<owner>
				<value><item><searchPath xsi:type="cm:stringProp">
	<value xsi:type="xsd:string" xml:space="preserve">CAMID(&quot;::Anonymous&quot;)</value>
</searchPath>
<storeID xsi:type="cm:guidProp">
	<value xsi:type="cm:guid" xml:space="preserve">xOjpBbm9ueW1vdXM_</value>
</storeID></item>
</value>
			</owner>
			<description>
				<value><item><locale xsi:type="xsd:string">en-us</locale><value xsi:type="xsd:string">Promotions compared based on Average per Day Metrics.</value></item>
</value>
			</description>
			<screenTip>
				<value><item><locale xsi:type="xsd:string">en-us</locale><value xsi:type="xsd:string">Promotions compared based on Average per Day Metrics.</value></item>
</value>
			</screenTip>
			<displaySequence>
				<value>0</value>
			</displaySequence>
			<hidden>
				<value>false</value>
			</hidden>
			<viewed>
				<value>false</value>
			</viewed>
			<target>
				<value><item><searchPath xsi:type="cm:stringProp">
	<value xsi:type="xsd:string" xml:space="preserve">/content/package[@name=&apos;Commerce (Model)&apos;]/report[@name=&apos;Promotion Comparison&apos;]</value>
</searchPath>
<storeID xsi:type="cm:guidProp">
	<value xsi:type="cm:guid" xml:space="preserve"></value>
</storeID></item>
</value>
			</target>
		</props>
	</object>
	<object>
		<class>shortcut</class>
		<name>Promotion Performance by Segment</name>
		<parentId>9</parentId>
		<storeID>i2192106C974249469B856498EA342412</storeID>
		<props>
			<creationTime>
				<value>2007-04-10T19:07:51.917Z</value>
			</creationTime>
			<modificationTime>
				<value>2007-05-15T20:17:22.063Z</value>
			</modificationTime>
			<name>
				<value><item><locale xsi:type="xsd:string">en-us</locale><value xsi:type="xsd:string">Promotion Performance by Segment</value></item>
</value>
			</name>
			<owner>
				<value><item><searchPath xsi:type="cm:stringProp">
	<value xsi:type="xsd:string" xml:space="preserve">CAMID(&quot;::Anonymous&quot;)</value>
</searchPath>
<storeID xsi:type="cm:guidProp">
	<value xsi:type="cm:guid" xml:space="preserve">xOjpBbm9ueW1vdXM_</value>
</storeID></item>
</value>
			</owner>
			<description>
				<value><item><locale xsi:type="xsd:string">en-us</locale><value xsi:type="xsd:string">Promotion Performance across Segments for today and as of today.</value></item>
</value>
			</description>
			<screenTip>
				<value><item><locale xsi:type="xsd:string">en-us</locale><value xsi:type="xsd:string">Promotion Performance across Segments for today and as of today.</value></item>
</value>
			</screenTip>
			<displaySequence>
				<value>0</value>
			</displaySequence>
			<hidden>
				<value>false</value>
			</hidden>
			<viewed>
				<value>false</value>
			</viewed>
			<target>
				<value><item><searchPath xsi:type="cm:stringProp">
	<value xsi:type="xsd:string" xml:space="preserve">/content/package[@name=&apos;Commerce (Model)&apos;]/report[@name=&apos;Promotion Performance by Segment&apos;]</value>
</searchPath>
<storeID xsi:type="cm:guidProp">
	<value xsi:type="cm:guid" xml:space="preserve"></value>
</storeID></item>
</value>
			</target>
		</props>
	</object>
	<object>
		<class>shortcut</class>
		<name>Promotion Performance Trends</name>
		<parentId>9</parentId>
		<storeID>iB3D66867499A478CA8D3ADF5E9D0BB97</storeID>
		<props>
			<creationTime>
				<value>2007-04-10T19:08:20.887Z</value>
			</creationTime>
			<modificationTime>
				<value>2007-05-15T20:19:25.643Z</value>
			</modificationTime>
			<name>
				<value><item><locale xsi:type="xsd:string">en-us</locale><value xsi:type="xsd:string">Promotion Performance Trends</value></item>
</value>
			</name>
			<owner>
				<value><item><searchPath xsi:type="cm:stringProp">
	<value xsi:type="xsd:string" xml:space="preserve">CAMID(&quot;::Anonymous&quot;)</value>
</searchPath>
<storeID xsi:type="cm:guidProp">
	<value xsi:type="cm:guid" xml:space="preserve">xOjpBbm9ueW1vdXM_</value>
</storeID></item>
</value>
			</owner>
			<description>
				<value><item><locale xsi:type="xsd:string">en-us</locale><value xsi:type="xsd:string">Number of Promotions granted since it started. Cumulative growth of Promotion Consumption.</value></item>
</value>
			</description>
			<screenTip>
				<value><item><locale xsi:type="xsd:string">en-us</locale><value xsi:type="xsd:string">Number of Promotions granted since it started. Cumulative growth of Promotion Consumption.</value></item>
</value>
			</screenTip>
			<displaySequence>
				<value>0</value>
			</displaySequence>
			<hidden>
				<value>false</value>
			</hidden>
			<viewed>
				<value>false</value>
			</viewed>
			<target>
				<value><item><searchPath xsi:type="cm:stringProp">
	<value xsi:type="xsd:string" xml:space="preserve">/content/package[@name=&apos;Commerce (Model)&apos;]/report[@name=&apos;Promotion Performance Trends&apos;]</value>
</searchPath>
<storeID xsi:type="cm:guidProp">
	<value xsi:type="cm:guid" xml:space="preserve"></value>
</storeID></item>
</value>
			</target>
		</props>
	</object>
	<object>
		<class>shortcut</class>
		<name>Storewide Promotions</name>
		<parentId>9</parentId>
		<storeID>i9DE3779A5F844260B0C153EE6CE7F864</storeID>
		<props>
			<creationTime>
				<value>2007-04-10T19:39:52.773Z</value>
			</creationTime>
			<modificationTime>
				<value>2007-05-15T20:16:38.173Z</value>
			</modificationTime>
			<name>
				<value><item><locale xsi:type="xsd:string">en-us</locale><value xsi:type="xsd:string">Storewide Promotions</value></item>
</value>
			</name>
			<owner>
				<value><item><searchPath xsi:type="cm:stringProp">
	<value xsi:type="xsd:string" xml:space="preserve">CAMID(&quot;::Anonymous&quot;)</value>
</searchPath>
<storeID xsi:type="cm:guidProp">
	<value xsi:type="cm:guid" xml:space="preserve">xOjpBbm9ueW1vdXM_</value>
</storeID></item>
</value>
			</owner>
			<description>
				<value><item><locale xsi:type="xsd:string">en-us</locale><value xsi:type="xsd:string">All active promotions in the store today sorted by discount amount from high to low.</value></item>
</value>
			</description>
			<screenTip>
				<value><item><locale xsi:type="xsd:string">en-us</locale><value xsi:type="xsd:string">All active promotions in the store today sorted by discount amount from high to low.</value></item>
</value>
			</screenTip>
			<displaySequence>
				<value>0</value>
			</displaySequence>
			<hidden>
				<value>false</value>
			</hidden>
			<viewed>
				<value>false</value>
			</viewed>
			<target>
				<value><item><searchPath xsi:type="cm:stringProp">
	<value xsi:type="xsd:string" xml:space="preserve">/content/package[@name=&apos;Commerce (Model)&apos;]/report[@name=&apos;Storewide Promotions&apos;]</value>
</searchPath>
<storeID xsi:type="cm:guidProp">
	<value xsi:type="cm:guid" xml:space="preserve"></value>
</storeID></item>
</value>
			</target>
		</props>
	</object>
	<object>
		<class>shortcut</class>
		<name>Promotion Usage by Segment</name>
		<parentId>9</parentId>
		<storeID>i473D225683A54175B66A387B92103583</storeID>
		<props>
			<creationTime>
				<value>2007-04-10T19:09:15.480Z</value>
			</creationTime>
			<modificationTime>
				<value>2007-05-15T20:17:59.640Z</value>
			</modificationTime>
			<name>
				<value><item><locale xsi:type="xsd:string">en-us</locale><value xsi:type="xsd:string">Promotion Usage by Segment</value></item>
</value>
			</name>
			<owner>
				<value><item><searchPath xsi:type="cm:stringProp">
	<value xsi:type="xsd:string" xml:space="preserve">CAMID(&quot;::Anonymous&quot;)</value>
</searchPath>
<storeID xsi:type="cm:guidProp">
	<value xsi:type="cm:guid" xml:space="preserve">xOjpBbm9ueW1vdXM_</value>
</storeID></item>
</value>
			</owner>
			<description>
				<value><item><locale xsi:type="xsd:string">en-us</locale><value xsi:type="xsd:string">Promotion usage by Segment today and as of today.</value></item>
</value>
			</description>
			<screenTip>
				<value><item><locale xsi:type="xsd:string">en-us</locale><value xsi:type="xsd:string">Promotion usage by Segment today and as of today.</value></item>
</value>
			</screenTip>
			<displaySequence>
				<value>0</value>
			</displaySequence>
			<hidden>
				<value>false</value>
			</hidden>
			<viewed>
				<value>false</value>
			</viewed>
			<target>
				<value><item><searchPath xsi:type="cm:stringProp">
	<value xsi:type="xsd:string" xml:space="preserve">/content/package[@name=&apos;Commerce (Model)&apos;]/report[@name=&apos;Promotion Usage by Segment&apos;]</value>
</searchPath>
<storeID xsi:type="cm:guidProp">
	<value xsi:type="cm:guid" xml:space="preserve"></value>
</storeID></item>
</value>
			</target>
		</props>
	</object>
	<object>
		<class>shortcut</class>
		<name>Promotion Usage Trends</name>
		<parentId>9</parentId>
		<storeID>iCA450DB49F6E49C982FCE359F8302320</storeID>
		<props>
			<creationTime>
				<value>2007-04-10T19:09:59.153Z</value>
			</creationTime>
			<modificationTime>
				<value>2007-05-15T20:18:31.750Z</value>
			</modificationTime>
			<name>
				<value><item><locale xsi:type="xsd:string">en-us</locale><value xsi:type="xsd:string">Promotion Usage Trends</value></item>
</value>
			</name>
			<owner>
				<value><item><searchPath xsi:type="cm:stringProp">
	<value xsi:type="xsd:string" xml:space="preserve">CAMID(&quot;::Anonymous&quot;)</value>
</searchPath>
<storeID xsi:type="cm:guidProp">
	<value xsi:type="cm:guid" xml:space="preserve">xOjpBbm9ueW1vdXM_</value>
</storeID></item>
</value>
			</owner>
			<description>
				<value><item><locale xsi:type="xsd:string">en-us</locale><value xsi:type="xsd:string">Number of Promotions granted since it started. Cumulative growth of Promotion Usage.</value></item>
</value>
			</description>
			<screenTip>
				<value><item><locale xsi:type="xsd:string">en-us</locale><value xsi:type="xsd:string">Number of Promotions granted since it started. Cumulative growth of Promotion Usage.</value></item>
</value>
			</screenTip>
			<displaySequence>
				<value>0</value>
			</displaySequence>
			<hidden>
				<value>false</value>
			</hidden>
			<viewed>
				<value>false</value>
			</viewed>
			<target>
				<value><item><searchPath xsi:type="cm:stringProp">
	<value xsi:type="xsd:string" xml:space="preserve">/content/package[@name=&apos;Commerce (Model)&apos;]/report[@name=&apos;Promotion Usage Trends&apos;]</value>
</searchPath>
<storeID xsi:type="cm:guidProp">
	<value xsi:type="cm:guid" xml:space="preserve"></value>
</storeID></item>
</value>
			</target>
		</props>
	</object>
	<object>
		<class>shortcut</class>
		<name>Searches Resulting in Most Purchases</name>
		<parentId>10</parentId>
		<storeID>i6AE7C21AED97493A98C417EB6E74048A</storeID>
		<props>
			<creationTime>
				<value>2008-05-14T18:35:23.680Z</value>
			</creationTime>
			<modificationTime>
				<value>2008-07-22T16:41:32.110Z</value>
			</modificationTime>
			<name>
				<value><item><locale xsi:type="xsd:string">en</locale><value xsi:type="xsd:string">Searches Resulting in Most Purchases</value></item>
</value>
			</name>
			<owner>
				<value><item><searchPath xsi:type="cm:stringProp">
	<value xsi:type="xsd:string" xml:space="preserve">CAMID(&quot;::Anonymous&quot;)</value>
</searchPath>
<storeID xsi:type="cm:guidProp">
	<value xsi:type="cm:guid" xml:space="preserve">xOjpBbm9ueW1vdXM_</value>
</storeID></item>
</value>
			</owner>
			<displaySequence>
				<value>0</value>
			</displaySequence>
			<hidden>
				<value>false</value>
			</hidden>
			<viewed>
				<value>false</value>
			</viewed>
			<target>
				<value><item><searchPath xsi:type="cm:stringProp">
	<value xsi:type="xsd:string" xml:space="preserve">/content/package[@name=&apos;Commerce (Model)&apos;]/report[@name=&apos;Searches Resulting in Most Purchases&apos;]</value>
</searchPath>
<storeID xsi:type="cm:guidProp">
	<value xsi:type="cm:guid" xml:space="preserve"></value>
</storeID></item>
</value>
			</target>
		</props>
	</object>
	<object>
		<class>shortcut</class>
		<name>Net Sales by Product from Search</name>
		<parentId>10</parentId>
		<storeID>iD80020A20E644AAC8222C1FD8603E776</storeID>
		<props>
			<creationTime>
				<value>2008-07-22T16:40:11.470Z</value>
			</creationTime>
			<modificationTime>
				<value>2008-07-22T16:41:24.470Z</value>
			</modificationTime>
			<name>
				<value><item><locale xsi:type="xsd:string">en</locale><value xsi:type="xsd:string">Net Sales by Product from Search</value></item>
</value>
			</name>
			<owner>
				<value><item><searchPath xsi:type="cm:stringProp">
	<value xsi:type="xsd:string" xml:space="preserve">CAMID(&quot;::Anonymous&quot;)</value>
</searchPath>
<storeID xsi:type="cm:guidProp">
	<value xsi:type="cm:guid" xml:space="preserve">xOjpBbm9ueW1vdXM_</value>
</storeID></item>
</value>
			</owner>
			<displaySequence>
				<value>0</value>
			</displaySequence>
			<hidden>
				<value>false</value>
			</hidden>
			<viewed>
				<value>false</value>
			</viewed>
			<target>
				<value><item><searchPath xsi:type="cm:stringProp">
	<value xsi:type="xsd:string" xml:space="preserve">/content/package[@name=&apos;Commerce (Model)&apos;]/report[@name=&apos;Net Sales by Product from Search&apos;]</value>
</searchPath>
<storeID xsi:type="cm:guidProp">
	<value xsi:type="cm:guid" xml:space="preserve"></value>
</storeID></item>
</value>
			</target>
		</props>
	</object>
	<object>
		<class>shortcut</class>
		<name>Searches Resulting in Most Purchases</name>
		<parentId>11</parentId>
		<storeID>iF0F83FAD165B4B6ABC8BA0C3CF80BF31</storeID>
		<props>
			<creationTime>
				<value>2008-05-14T18:27:19.727Z</value>
			</creationTime>
			<modificationTime>
				<value>2008-07-22T16:39:14.687Z</value>
			</modificationTime>
			<name>
				<value><item><locale xsi:type="xsd:string">en</locale><value xsi:type="xsd:string">Searches Resulting in Most Purchases</value></item>
</value>
			</name>
			<owner>
				<value><item><searchPath xsi:type="cm:stringProp">
	<value xsi:type="xsd:string" xml:space="preserve">CAMID(&quot;::Anonymous&quot;)</value>
</searchPath>
<storeID xsi:type="cm:guidProp">
	<value xsi:type="cm:guid" xml:space="preserve">xOjpBbm9ueW1vdXM_</value>
</storeID></item>
</value>
			</owner>
			<displaySequence>
				<value>0</value>
			</displaySequence>
			<hidden>
				<value>false</value>
			</hidden>
			<viewed>
				<value>false</value>
			</viewed>
			<target>
				<value><item><searchPath xsi:type="cm:stringProp">
	<value xsi:type="xsd:string" xml:space="preserve">/content/package[@name=&apos;Commerce (Model)&apos;]/report[@name=&apos;Searches Resulting in Most Purchases&apos;]</value>
</searchPath>
<storeID xsi:type="cm:guidProp">
	<value xsi:type="cm:guid" xml:space="preserve"></value>
</storeID></item>
</value>
			</target>
		</props>
	</object>
	<object>
		<class>shortcut</class>
		<name>Net Sales by Product from Search</name>
		<parentId>11</parentId>
		<storeID>i518904AB304A49AEB7332FC4E15B4DC4</storeID>
		<props>
			<creationTime>
				<value>2008-07-22T16:38:04.673Z</value>
			</creationTime>
			<modificationTime>
				<value>2008-07-22T16:39:07.953Z</value>
			</modificationTime>
			<name>
				<value><item><locale xsi:type="xsd:string">en</locale><value xsi:type="xsd:string">Net Sales by Product from Search</value></item>
</value>
			</name>
			<owner>
				<value><item><searchPath xsi:type="cm:stringProp">
	<value xsi:type="xsd:string" xml:space="preserve">CAMID(&quot;::Anonymous&quot;)</value>
</searchPath>
<storeID xsi:type="cm:guidProp">
	<value xsi:type="cm:guid" xml:space="preserve">xOjpBbm9ueW1vdXM_</value>
</storeID></item>
</value>
			</owner>
			<displaySequence>
				<value>0</value>
			</displaySequence>
			<hidden>
				<value>false</value>
			</hidden>
			<viewed>
				<value>false</value>
			</viewed>
			<target>
				<value><item><searchPath xsi:type="cm:stringProp">
	<value xsi:type="xsd:string" xml:space="preserve">/content/package[@name=&apos;Commerce (Model)&apos;]/report[@name=&apos;Net Sales by Product from Search&apos;]</value>
</searchPath>
<storeID xsi:type="cm:guidProp">
	<value xsi:type="cm:guid" xml:space="preserve"></value>
</storeID></item>
</value>
			</target>
		</props>
	</object>
	<object>
		<class>shortcut</class>
		<name>Segment Performance by Month</name>
		<parentId>12</parentId>
		<storeID>i3F07FAB65EFC4175B29E3134E2FEFD34</storeID>
		<props>
			<creationTime>
				<value>2007-05-18T17:30:00.287Z</value>
			</creationTime>
			<modificationTime>
				<value>2007-05-18T17:30:00.287Z</value>
			</modificationTime>
			<name>
				<value><item><locale xsi:type="xsd:string">en-us</locale><value xsi:type="xsd:string">Segment Performance by Month</value></item>
</value>
			</name>
			<owner>
				<value><item><searchPath xsi:type="cm:stringProp">
	<value xsi:type="xsd:string" xml:space="preserve">CAMID(&quot;::Anonymous&quot;)</value>
</searchPath>
<storeID xsi:type="cm:guidProp">
	<value xsi:type="cm:guid" xml:space="preserve">xOjpBbm9ueW1vdXM_</value>
</storeID></item>
</value>
			</owner>
			<displaySequence>
				<value>0</value>
			</displaySequence>
			<hidden>
				<value>false</value>
			</hidden>
			<viewed>
				<value>false</value>
			</viewed>
			<target>
				<value><item><searchPath xsi:type="cm:stringProp">
	<value xsi:type="xsd:string" xml:space="preserve">/content/package[@name=&apos;Commerce (Model)&apos;]/report[@name=&apos;Segment Performance by Month&apos;]</value>
</searchPath>
<storeID xsi:type="cm:guidProp">
	<value xsi:type="cm:guid" xml:space="preserve"></value>
</storeID></item>
</value>
			</target>
		</props>
	</object>
	<object>
		<class>shortcut</class>
		<name>Bottom Categories by Segment</name>
		<parentId>12</parentId>
		<storeID>i9431AE91210A4F238F62DBAEA8650EA5</storeID>
		<props>
			<creationTime>
				<value>2007-05-22T04:25:25.230Z</value>
			</creationTime>
			<modificationTime>
				<value>2007-05-22T04:25:25.230Z</value>
			</modificationTime>
			<name>
				<value><item><locale xsi:type="xsd:string">en-us</locale><value xsi:type="xsd:string">Bottom Categories by Segment</value></item>
</value>
			</name>
			<owner>
				<value><item><searchPath xsi:type="cm:stringProp">
	<value xsi:type="xsd:string" xml:space="preserve">CAMID(&quot;::Anonymous&quot;)</value>
</searchPath>
<storeID xsi:type="cm:guidProp">
	<value xsi:type="cm:guid" xml:space="preserve">xOjpBbm9ueW1vdXM_</value>
</storeID></item>
</value>
			</owner>
			<displaySequence>
				<value>0</value>
			</displaySequence>
			<hidden>
				<value>false</value>
			</hidden>
			<viewed>
				<value>false</value>
			</viewed>
			<target>
				<value><item><searchPath xsi:type="cm:stringProp">
	<value xsi:type="xsd:string" xml:space="preserve">/content/package[@name=&apos;Commerce (Model)&apos;]/report[@name=&apos;Bottom Categories by Segment&apos;]</value>
</searchPath>
<storeID xsi:type="cm:guidProp">
	<value xsi:type="cm:guid" xml:space="preserve"></value>
</storeID></item>
</value>
			</target>
		</props>
	</object>
	<object>
		<class>shortcut</class>
		<name>Store Overview</name>
		<parentId>12</parentId>
		<storeID>i3453DDBFC1DC4296A0D068780A55A33A</storeID>
		<props>
			<creationTime>
				<value>2007-04-20T16:00:23.000Z</value>
			</creationTime>
			<modificationTime>
				<value>2007-04-20T16:00:23.000Z</value>
			</modificationTime>
			<name>
				<value><item><locale xsi:type="xsd:string">en-us</locale><value xsi:type="xsd:string">Store Overview</value></item>
</value>
			</name>
			<owner>
				<value><item><searchPath xsi:type="cm:stringProp">
	<value xsi:type="xsd:string" xml:space="preserve">CAMID(&quot;::Anonymous&quot;)</value>
</searchPath>
<storeID xsi:type="cm:guidProp">
	<value xsi:type="cm:guid" xml:space="preserve">xOjpBbm9ueW1vdXM_</value>
</storeID></item>
</value>
			</owner>
			<displaySequence>
				<value>0</value>
			</displaySequence>
			<hidden>
				<value>false</value>
			</hidden>
			<viewed>
				<value>false</value>
			</viewed>
			<target>
				<value><item><searchPath xsi:type="cm:stringProp">
	<value xsi:type="xsd:string" xml:space="preserve">/content/package[@name=&apos;Commerce (Model)&apos;]/report[@name=&apos;Store Overview&apos;]</value>
</searchPath>
<storeID xsi:type="cm:guidProp">
	<value xsi:type="cm:guid" xml:space="preserve"></value>
</storeID></item>
</value>
			</target>
		</props>
	</object>
	<object>
		<class>shortcut</class>
		<name>Bottom Segments by Category</name>
		<parentId>12</parentId>
		<storeID>i58AB1CAA7FF44F8C82192715F22A1EC0</storeID>
		<props>
			<creationTime>
				<value>2007-05-22T04:25:54.277Z</value>
			</creationTime>
			<modificationTime>
				<value>2007-05-22T04:25:54.277Z</value>
			</modificationTime>
			<name>
				<value><item><locale xsi:type="xsd:string">en-us</locale><value xsi:type="xsd:string">Bottom Segments by Category</value></item>
</value>
			</name>
			<owner>
				<value><item><searchPath xsi:type="cm:stringProp">
	<value xsi:type="xsd:string" xml:space="preserve">CAMID(&quot;::Anonymous&quot;)</value>
</searchPath>
<storeID xsi:type="cm:guidProp">
	<value xsi:type="cm:guid" xml:space="preserve">xOjpBbm9ueW1vdXM_</value>
</storeID></item>
</value>
			</owner>
			<displaySequence>
				<value>0</value>
			</displaySequence>
			<hidden>
				<value>false</value>
			</hidden>
			<viewed>
				<value>false</value>
			</viewed>
			<target>
				<value><item><searchPath xsi:type="cm:stringProp">
	<value xsi:type="xsd:string" xml:space="preserve">/content/package[@name=&apos;Commerce (Model)&apos;]/report[@name=&apos;Bottom Segments by Category&apos;]</value>
</searchPath>
<storeID xsi:type="cm:guidProp">
	<value xsi:type="cm:guid" xml:space="preserve"></value>
</storeID></item>
</value>
			</target>
		</props>
	</object>
	<object>
		<class>shortcut</class>
		<name>Top Categories by Segment</name>
		<parentId>12</parentId>
		<storeID>iD854BDC22B2B45599404A86204DF53A8</storeID>
		<props>
			<creationTime>
				<value>2007-05-22T04:26:40.653Z</value>
			</creationTime>
			<modificationTime>
				<value>2007-05-22T04:26:40.653Z</value>
			</modificationTime>
			<name>
				<value><item><locale xsi:type="xsd:string">en-us</locale><value xsi:type="xsd:string">Top Categories by Segment</value></item>
</value>
			</name>
			<owner>
				<value><item><searchPath xsi:type="cm:stringProp">
	<value xsi:type="xsd:string" xml:space="preserve">CAMID(&quot;::Anonymous&quot;)</value>
</searchPath>
<storeID xsi:type="cm:guidProp">
	<value xsi:type="cm:guid" xml:space="preserve">xOjpBbm9ueW1vdXM_</value>
</storeID></item>
</value>
			</owner>
			<displaySequence>
				<value>0</value>
			</displaySequence>
			<hidden>
				<value>false</value>
			</hidden>
			<viewed>
				<value>false</value>
			</viewed>
			<target>
				<value><item><searchPath xsi:type="cm:stringProp">
	<value xsi:type="xsd:string" xml:space="preserve">/content/package[@name=&apos;Commerce (Model)&apos;]/report[@name=&apos;Top Categories by Segment&apos;]</value>
</searchPath>
<storeID xsi:type="cm:guidProp">
	<value xsi:type="cm:guid" xml:space="preserve"></value>
</storeID></item>
</value>
			</target>
		</props>
	</object>
	<object>
		<class>shortcut</class>
		<name>Top Segments by Category</name>
		<parentId>12</parentId>
		<storeID>iBDD6B49806FA40BABDB5D3270E8048AE</storeID>
		<props>
			<creationTime>
				<value>2007-05-22T04:27:08.933Z</value>
			</creationTime>
			<modificationTime>
				<value>2007-05-22T04:27:08.933Z</value>
			</modificationTime>
			<name>
				<value><item><locale xsi:type="xsd:string">en-us</locale><value xsi:type="xsd:string">Top Segments by Category</value></item>
</value>
			</name>
			<owner>
				<value><item><searchPath xsi:type="cm:stringProp">
	<value xsi:type="xsd:string" xml:space="preserve">CAMID(&quot;::Anonymous&quot;)</value>
</searchPath>
<storeID xsi:type="cm:guidProp">
	<value xsi:type="cm:guid" xml:space="preserve">xOjpBbm9ueW1vdXM_</value>
</storeID></item>
</value>
			</owner>
			<displaySequence>
				<value>0</value>
			</displaySequence>
			<hidden>
				<value>false</value>
			</hidden>
			<viewed>
				<value>false</value>
			</viewed>
			<target>
				<value><item><searchPath xsi:type="cm:stringProp">
	<value xsi:type="xsd:string" xml:space="preserve">/content/package[@name=&apos;Commerce (Model)&apos;]/report[@name=&apos;Top Segments by Category&apos;]</value>
</searchPath>
<storeID xsi:type="cm:guidProp">
	<value xsi:type="cm:guid" xml:space="preserve"></value>
</storeID></item>
</value>
			</target>
		</props>
	</object>
	<object>
		<class>shortcut</class>
		<name>Store Overview with Date Range Options</name>
		<parentId>12</parentId>
		<storeID>i3E41CDADF45243D886C01AE41AFC0B2E</storeID>
		<props>
			<creationTime>
				<value>2007-05-23T21:38:13.663Z</value>
			</creationTime>
			<modificationTime>
				<value>2007-05-23T21:38:13.663Z</value>
			</modificationTime>
			<name>
				<value><item><locale xsi:type="xsd:string">en-us</locale><value xsi:type="xsd:string">Store Overview with Date Range Options</value></item>
</value>
			</name>
			<owner>
				<value><item><searchPath xsi:type="cm:stringProp">
	<value xsi:type="xsd:string" xml:space="preserve">CAMID(&quot;::Anonymous&quot;)</value>
</searchPath>
<storeID xsi:type="cm:guidProp">
	<value xsi:type="cm:guid" xml:space="preserve">xOjpBbm9ueW1vdXM_</value>
</storeID></item>
</value>
			</owner>
			<displaySequence>
				<value>0</value>
			</displaySequence>
			<hidden>
				<value>false</value>
			</hidden>
			<viewed>
				<value>false</value>
			</viewed>
			<target>
				<value><item><searchPath xsi:type="cm:stringProp">
	<value xsi:type="xsd:string" xml:space="preserve">/content/package[@name=&apos;Commerce (Model)&apos;]/report[@name=&apos;Store Overview with Date Range Options&apos;]</value>
</searchPath>
<storeID xsi:type="cm:guidProp">
	<value xsi:type="cm:guid" xml:space="preserve"></value>
</storeID></item>
</value>
			</target>
		</props>
	</object>
	<object>
		<class>shortcut</class>
		<name>Sales Details</name>
		<parentId>12</parentId>
		<storeID>iB7DCEE0B01634DD4969FA15F20EF91C1</storeID>
		<props>
			<creationTime>
				<value>2007-05-25T15:34:18.417Z</value>
			</creationTime>
			<modificationTime>
				<value>2007-05-25T15:34:18.417Z</value>
			</modificationTime>
			<name>
				<value><item><locale xsi:type="xsd:string">en-us</locale><value xsi:type="xsd:string">Sales Details</value></item>
</value>
			</name>
			<owner>
				<value><item><searchPath xsi:type="cm:stringProp">
	<value xsi:type="xsd:string" xml:space="preserve">CAMID(&quot;::Anonymous&quot;)</value>
</searchPath>
<storeID xsi:type="cm:guidProp">
	<value xsi:type="cm:guid" xml:space="preserve">xOjpBbm9ueW1vdXM_</value>
</storeID></item>
</value>
			</owner>
			<displaySequence>
				<value>0</value>
			</displaySequence>
			<hidden>
				<value>false</value>
			</hidden>
			<viewed>
				<value>false</value>
			</viewed>
			<target>
				<value><item><searchPath xsi:type="cm:stringProp">
	<value xsi:type="xsd:string" xml:space="preserve">/content/package[@name=&apos;Commerce (Model)&apos;]/report[@name=&apos;Sales Details&apos;]</value>
</searchPath>
<storeID xsi:type="cm:guidProp">
	<value xsi:type="cm:guid" xml:space="preserve"></value>
</storeID></item>
</value>
			</target>
		</props>
	</object>
	<object>
		<class>shortcut</class>
		<name>Movers and Shakers</name>
		<parentId>12</parentId>
		<storeID>iF8FCA0731A26498980BFE477C052D430</storeID>
		<props>
			<creationTime>
				<value>2007-04-23T13:37:53.880Z</value>
			</creationTime>
			<modificationTime>
				<value>2007-04-23T13:37:53.880Z</value>
			</modificationTime>
			<name>
				<value><item><locale xsi:type="xsd:string">en-us</locale><value xsi:type="xsd:string">Movers and Shakers</value></item>
</value>
			</name>
			<owner>
				<value><item><searchPath xsi:type="cm:stringProp">
	<value xsi:type="xsd:string" xml:space="preserve">CAMID(&quot;::Anonymous&quot;)</value>
</searchPath>
<storeID xsi:type="cm:guidProp">
	<value xsi:type="cm:guid" xml:space="preserve">xOjpBbm9ueW1vdXM_</value>
</storeID></item>
</value>
			</owner>
			<displaySequence>
				<value>0</value>
			</displaySequence>
			<hidden>
				<value>false</value>
			</hidden>
			<viewed>
				<value>false</value>
			</viewed>
			<target>
				<value><item><searchPath xsi:type="cm:stringProp">
	<value xsi:type="xsd:string" xml:space="preserve">/content/package[@name=&apos;Commerce (Model)&apos;]/report[@name=&apos;Movers and Shakers&apos;]</value>
</searchPath>
<storeID xsi:type="cm:guidProp">
	<value xsi:type="cm:guid" xml:space="preserve"></value>
</storeID></item>
</value>
			</target>
		</props>
	</object>
	<object>
		<class>shortcut</class>
		<name>Product Report</name>
		<parentId>12</parentId>
		<storeID>iCE65FBCC89AD4C18844C008E1E546242</storeID>
		<props>
			<creationTime>
				<value>2007-03-27T17:43:40.767Z</value>
			</creationTime>
			<modificationTime>
				<value>2007-03-27T17:43:40.767Z</value>
			</modificationTime>
			<name>
				<value><item><locale xsi:type="xsd:string">en-us</locale><value xsi:type="xsd:string">Product Report</value></item>
</value>
			</name>
			<owner>
				<value><item><searchPath xsi:type="cm:stringProp">
	<value xsi:type="xsd:string" xml:space="preserve">CAMID(&quot;::Anonymous&quot;)</value>
</searchPath>
<storeID xsi:type="cm:guidProp">
	<value xsi:type="cm:guid" xml:space="preserve">xOjpBbm9ueW1vdXM_</value>
</storeID></item>
</value>
			</owner>
			<displaySequence>
				<value>0</value>
			</displaySequence>
			<hidden>
				<value>false</value>
			</hidden>
			<viewed>
				<value>false</value>
			</viewed>
			<target>
				<value><item><searchPath xsi:type="cm:stringProp">
	<value xsi:type="xsd:string" xml:space="preserve">/content/package[@name=&apos;Commerce (Model)&apos;]/report[@name=&apos;Product Report&apos;]</value>
</searchPath>
<storeID xsi:type="cm:guidProp">
	<value xsi:type="cm:guid" xml:space="preserve"></value>
</storeID></item>
</value>
			</target>
		</props>
	</object>
	<object>
		<class>shortcut</class>
		<name>Category Sales by Segment</name>
		<parentId>12</parentId>
		<storeID>iD55620525D43498AA8678F5C5F1D493D</storeID>
		<props>
			<creationTime>
				<value>2007-06-15T15:19:54.327Z</value>
			</creationTime>
			<modificationTime>
				<value>2007-06-15T15:19:54.327Z</value>
			</modificationTime>
			<name>
				<value><item><locale xsi:type="xsd:string">en-us</locale><value xsi:type="xsd:string">Category Sales by Segment</value></item>
</value>
			</name>
			<owner>
				<value><item><searchPath xsi:type="cm:stringProp">
	<value xsi:type="xsd:string" xml:space="preserve">CAMID(&quot;::Anonymous&quot;)</value>
</searchPath>
<storeID xsi:type="cm:guidProp">
	<value xsi:type="cm:guid" xml:space="preserve">xOjpBbm9ueW1vdXM_</value>
</storeID></item>
</value>
			</owner>
			<displaySequence>
				<value>0</value>
			</displaySequence>
			<hidden>
				<value>false</value>
			</hidden>
			<viewed>
				<value>false</value>
			</viewed>
			<target>
				<value><item><searchPath xsi:type="cm:stringProp">
	<value xsi:type="xsd:string" xml:space="preserve">/content/package[@name=&apos;Commerce (Model)&apos;]/report[@name=&apos;Category Sales by Segment&apos;]</value>
</searchPath>
<storeID xsi:type="cm:guidProp">
	<value xsi:type="cm:guid" xml:space="preserve"></value>
</storeID></item>
</value>
			</target>
		</props>
	</object>
	<object>
		<class>shortcut</class>
		<name>Product Sales by Segment</name>
		<parentId>12</parentId>
		<storeID>i8CB032F300F34448BE7DCACC16A021B3</storeID>
		<props>
			<creationTime>
				<value>2007-06-15T15:20:37.937Z</value>
			</creationTime>
			<modificationTime>
				<value>2007-06-15T15:20:37.937Z</value>
			</modificationTime>
			<name>
				<value><item><locale xsi:type="xsd:string">en-us</locale><value xsi:type="xsd:string">Product Sales by Segment</value></item>
</value>
			</name>
			<owner>
				<value><item><searchPath xsi:type="cm:stringProp">
	<value xsi:type="xsd:string" xml:space="preserve">CAMID(&quot;::Anonymous&quot;)</value>
</searchPath>
<storeID xsi:type="cm:guidProp">
	<value xsi:type="cm:guid" xml:space="preserve">xOjpBbm9ueW1vdXM_</value>
</storeID></item>
</value>
			</owner>
			<displaySequence>
				<value>0</value>
			</displaySequence>
			<hidden>
				<value>false</value>
			</hidden>
			<viewed>
				<value>false</value>
			</viewed>
			<target>
				<value><item><searchPath xsi:type="cm:stringProp">
	<value xsi:type="xsd:string" xml:space="preserve">/content/package[@name=&apos;Commerce (Model)&apos;]/report[@name=&apos;Product Sales by Segment&apos;]</value>
</searchPath>
<storeID xsi:type="cm:guidProp">
	<value xsi:type="cm:guid" xml:space="preserve"></value>
</storeID></item>
</value>
			</target>
		</props>
	</object>
	<object>
		<class>shortcut</class>
		<name>Storewide Promotions (Last 14 Days)</name>
		<parentId>13</parentId>
		<storeID>iE8FC2549CDA2479F95B282BBAF8D9DD9</storeID>
		<props>
			<creationTime>
				<value>2007-05-24T17:05:33.067Z</value>
			</creationTime>
			<modificationTime>
				<value>2007-05-24T17:05:33.067Z</value>
			</modificationTime>
			<name>
				<value><item><locale xsi:type="xsd:string">en-us</locale><value xsi:type="xsd:string">Storewide Promotions (Last 14 Days)</value></item>
</value>
			</name>
			<owner>
				<value><item><searchPath xsi:type="cm:stringProp">
	<value xsi:type="xsd:string" xml:space="preserve">CAMID(&quot;::Anonymous&quot;)</value>
</searchPath>
<storeID xsi:type="cm:guidProp">
	<value xsi:type="cm:guid" xml:space="preserve">xOjpBbm9ueW1vdXM_</value>
</storeID></item>
</value>
			</owner>
			<displaySequence>
				<value>0</value>
			</displaySequence>
			<hidden>
				<value>false</value>
			</hidden>
			<viewed>
				<value>false</value>
			</viewed>
			<target>
				<value><item><searchPath xsi:type="cm:stringProp">
	<value xsi:type="xsd:string" xml:space="preserve">/content/package[@name=&apos;Commerce (Model)&apos;]/report[@name=&apos;Storewide Promotions (Last 14 Days)&apos;]</value>
</searchPath>
<storeID xsi:type="cm:guidProp">
	<value xsi:type="cm:guid" xml:space="preserve"></value>
</storeID></item>
</value>
			</target>
		</props>
	</object>
	<object>
		<class>shortcut</class>
		<name>Products by Segment (Last 14 Days)</name>
		<parentId>14</parentId>
		<storeID>i5227F80BC5E74E099256E3275CE2D26C</storeID>
		<props>
			<creationTime>
				<value>2007-05-24T17:04:10.300Z</value>
			</creationTime>
			<modificationTime>
				<value>2007-05-24T17:04:10.300Z</value>
			</modificationTime>
			<name>
				<value><item><locale xsi:type="xsd:string">en-us</locale><value xsi:type="xsd:string">Products by Segment (Last 14 Days)</value></item>
</value>
			</name>
			<owner>
				<value><item><searchPath xsi:type="cm:stringProp">
	<value xsi:type="xsd:string" xml:space="preserve">CAMID(&quot;::Anonymous&quot;)</value>
</searchPath>
<storeID xsi:type="cm:guidProp">
	<value xsi:type="cm:guid" xml:space="preserve">xOjpBbm9ueW1vdXM_</value>
</storeID></item>
</value>
			</owner>
			<displaySequence>
				<value>0</value>
			</displaySequence>
			<hidden>
				<value>false</value>
			</hidden>
			<viewed>
				<value>false</value>
			</viewed>
			<target>
				<value><item><searchPath xsi:type="cm:stringProp">
	<value xsi:type="xsd:string" xml:space="preserve">/content/package[@name=&apos;Commerce (Model)&apos;]/report[@name=&apos;Products by Segment (Last 14 Days)&apos;]</value>
</searchPath>
<storeID xsi:type="cm:guidProp">
	<value xsi:type="cm:guid" xml:space="preserve"></value>
</storeID></item>
</value>
			</target>
		</props>
	</object>
	<object>
		<class>shortcut</class>
		<name>Average Order Value and Size (Last 14 Days)</name>
		<parentId>14</parentId>
		<storeID>i2C23449CF80948C08C4D3A1130E1B6A1</storeID>
		<props>
			<creationTime>
				<value>2007-03-27T17:39:29.407Z</value>
			</creationTime>
			<modificationTime>
				<value>2007-03-27T17:39:29.407Z</value>
			</modificationTime>
			<name>
				<value><item><locale xsi:type="xsd:string">en-us</locale><value xsi:type="xsd:string">Average Order Value and Size (Last 14 Days)</value></item>
</value>
			</name>
			<owner>
				<value><item><searchPath xsi:type="cm:stringProp">
	<value xsi:type="xsd:string" xml:space="preserve">CAMID(&quot;::Anonymous&quot;)</value>
</searchPath>
<storeID xsi:type="cm:guidProp">
	<value xsi:type="cm:guid" xml:space="preserve">xOjpBbm9ueW1vdXM_</value>
</storeID></item>
</value>
			</owner>
			<displaySequence>
				<value>0</value>
			</displaySequence>
			<hidden>
				<value>false</value>
			</hidden>
			<viewed>
				<value>false</value>
			</viewed>
			<target>
				<value><item><searchPath xsi:type="cm:stringProp">
	<value xsi:type="xsd:string" xml:space="preserve">/content/package[@name=&apos;Commerce (Model)&apos;]/report[@name=&apos;Average Order Value and Size (Last 14 Days)&apos;]</value>
</searchPath>
<storeID xsi:type="cm:guidProp">
	<value xsi:type="cm:guid" xml:space="preserve"></value>
</storeID></item>
</value>
			</target>
		</props>
	</object>
	<object>
		<class>shortcut</class>
		<name>Net Sales and Order Count (YTD)</name>
		<parentId>14</parentId>
		<storeID>iC3E354D5D8D3483185A5DE3DBA0CB888</storeID>
		<props>
			<creationTime>
				<value>2007-03-27T17:42:38.563Z</value>
			</creationTime>
			<modificationTime>
				<value>2007-03-27T17:42:38.563Z</value>
			</modificationTime>
			<name>
				<value><item><locale xsi:type="xsd:string">en-us</locale><value xsi:type="xsd:string">Net Sales and Order Count (YTD)</value></item>
</value>
			</name>
			<owner>
				<value><item><searchPath xsi:type="cm:stringProp">
	<value xsi:type="xsd:string" xml:space="preserve">CAMID(&quot;::Anonymous&quot;)</value>
</searchPath>
<storeID xsi:type="cm:guidProp">
	<value xsi:type="cm:guid" xml:space="preserve">xOjpBbm9ueW1vdXM_</value>
</storeID></item>
</value>
			</owner>
			<displaySequence>
				<value>0</value>
			</displaySequence>
			<hidden>
				<value>false</value>
			</hidden>
			<viewed>
				<value>false</value>
			</viewed>
			<target>
				<value><item><searchPath xsi:type="cm:stringProp">
	<value xsi:type="xsd:string" xml:space="preserve">/content/package[@name=&apos;Commerce (Model)&apos;]/report[@name=&apos;Net Sales and Order Count (YTD)&apos;]</value>
</searchPath>
<storeID xsi:type="cm:guidProp">
	<value xsi:type="cm:guid" xml:space="preserve"></value>
</storeID></item>
</value>
			</target>
		</props>
	</object>
	<object>
		<class>shortcut</class>
		<name>Net Sales and Units (Last 14 Days)</name>
		<parentId>14</parentId>
		<storeID>iB250BDF4956149FEAC96ECCAD4E67D9E</storeID>
		<props>
			<creationTime>
				<value>2007-03-27T17:43:24.360Z</value>
			</creationTime>
			<modificationTime>
				<value>2007-03-27T17:43:24.360Z</value>
			</modificationTime>
			<name>
				<value><item><locale xsi:type="xsd:string">en-us</locale><value xsi:type="xsd:string">Net Sales and Units (Last 14 Days)</value></item>
</value>
			</name>
			<owner>
				<value><item><searchPath xsi:type="cm:stringProp">
	<value xsi:type="xsd:string" xml:space="preserve">CAMID(&quot;::Anonymous&quot;)</value>
</searchPath>
<storeID xsi:type="cm:guidProp">
	<value xsi:type="cm:guid" xml:space="preserve">xOjpBbm9ueW1vdXM_</value>
</storeID></item>
</value>
			</owner>
			<displaySequence>
				<value>0</value>
			</displaySequence>
			<hidden>
				<value>false</value>
			</hidden>
			<viewed>
				<value>false</value>
			</viewed>
			<target>
				<value><item><searchPath xsi:type="cm:stringProp">
	<value xsi:type="xsd:string" xml:space="preserve">/content/package[@name=&apos;Commerce (Model)&apos;]/report[@name=&apos;Net Sales and Units (Last 14 Days)&apos;]</value>
</searchPath>
<storeID xsi:type="cm:guidProp">
	<value xsi:type="cm:guid" xml:space="preserve"></value>
</storeID></item>
</value>
			</target>
		</props>
	</object>
	<object>
		<class>shortcut</class>
		<name>Site Visit and Page Count (Last 14 Days)</name>
		<parentId>14</parentId>
		<storeID>i882B120CB9794C7BA2CA7B86EFC8B5F2</storeID>
		<props>
			<creationTime>
				<value>2007-03-27T17:44:01.127Z</value>
			</creationTime>
			<modificationTime>
				<value>2007-03-27T17:44:01.127Z</value>
			</modificationTime>
			<name>
				<value><item><locale xsi:type="xsd:string">en-us</locale><value xsi:type="xsd:string">Site Visit and Page Count (Last 14 Days)</value></item>
</value>
			</name>
			<owner>
				<value><item><searchPath xsi:type="cm:stringProp">
	<value xsi:type="xsd:string" xml:space="preserve">CAMID(&quot;::Anonymous&quot;)</value>
</searchPath>
<storeID xsi:type="cm:guidProp">
	<value xsi:type="cm:guid" xml:space="preserve">xOjpBbm9ueW1vdXM_</value>
</storeID></item>
</value>
			</owner>
			<displaySequence>
				<value>0</value>
			</displaySequence>
			<hidden>
				<value>false</value>
			</hidden>
			<viewed>
				<value>false</value>
			</viewed>
			<target>
				<value><item><searchPath xsi:type="cm:stringProp">
	<value xsi:type="xsd:string" xml:space="preserve">/content/package[@name=&apos;Commerce (Model)&apos;]/report[@name=&apos;Site Visit and Page Count (Last 14 Days)&apos;]</value>
</searchPath>
<storeID xsi:type="cm:guidProp">
	<value xsi:type="cm:guid" xml:space="preserve"></value>
</storeID></item>
</value>
			</target>
		</props>
	</object>
	<object>
		<class>shortcut</class>
		<name>Site Visit Count and Order Conversion Rate (YTD)</name>
		<parentId>14</parentId>
		<storeID>iF2BC30A9FF6C4301A87788A9AB6471AA</storeID>
		<props>
			<creationTime>
				<value>2007-03-27T17:44:15.737Z</value>
			</creationTime>
			<modificationTime>
				<value>2007-03-27T17:44:15.737Z</value>
			</modificationTime>
			<name>
				<value><item><locale xsi:type="xsd:string">en-us</locale><value xsi:type="xsd:string">Site Visit Count and Order Conversion Rate (YTD)</value></item>
</value>
			</name>
			<owner>
				<value><item><searchPath xsi:type="cm:stringProp">
	<value xsi:type="xsd:string" xml:space="preserve">CAMID(&quot;::Anonymous&quot;)</value>
</searchPath>
<storeID xsi:type="cm:guidProp">
	<value xsi:type="cm:guid" xml:space="preserve">xOjpBbm9ueW1vdXM_</value>
</storeID></item>
</value>
			</owner>
			<displaySequence>
				<value>0</value>
			</displaySequence>
			<hidden>
				<value>false</value>
			</hidden>
			<viewed>
				<value>false</value>
			</viewed>
			<target>
				<value><item><searchPath xsi:type="cm:stringProp">
	<value xsi:type="xsd:string" xml:space="preserve">/content/package[@name=&apos;Commerce (Model)&apos;]/report[@name=&apos;Site Visit Count and Order Conversion Rate (YTD)&apos;]</value>
</searchPath>
<storeID xsi:type="cm:guidProp">
	<value xsi:type="cm:guid" xml:space="preserve"></value>
</storeID></item>
</value>
			</target>
		</props>
	</object>
	<object>
		<class>shortcut</class>
		<name>Top 10 Products by Net Sales (Last 14 Days)</name>
		<parentId>14</parentId>
		<storeID>i42CDDE0433794471812A20925A8F08E5</storeID>
		<props>
			<creationTime>
				<value>2007-03-27T17:44:31.970Z</value>
			</creationTime>
			<modificationTime>
				<value>2007-03-27T17:44:31.970Z</value>
			</modificationTime>
			<name>
				<value><item><locale xsi:type="xsd:string">en-us</locale><value xsi:type="xsd:string">Top 10 Products by Net Sales (Last 14 Days)</value></item>
</value>
			</name>
			<owner>
				<value><item><searchPath xsi:type="cm:stringProp">
	<value xsi:type="xsd:string" xml:space="preserve">CAMID(&quot;::Anonymous&quot;)</value>
</searchPath>
<storeID xsi:type="cm:guidProp">
	<value xsi:type="cm:guid" xml:space="preserve">xOjpBbm9ueW1vdXM_</value>
</storeID></item>
</value>
			</owner>
			<displaySequence>
				<value>0</value>
			</displaySequence>
			<hidden>
				<value>false</value>
			</hidden>
			<viewed>
				<value>false</value>
			</viewed>
			<target>
				<value><item><searchPath xsi:type="cm:stringProp">
	<value xsi:type="xsd:string" xml:space="preserve">/content/package[@name=&apos;Commerce (Model)&apos;]/report[@name=&apos;Top 10 Products by Net Sales (Last 14 Days)&apos;]</value>
</searchPath>
<storeID xsi:type="cm:guidProp">
	<value xsi:type="cm:guid" xml:space="preserve"></value>
</storeID></item>
</value>
			</target>
		</props>
	</object>
	<object>
		<class>shortcut</class>
		<name>Speedometer - Revenue</name>
		<parentId>14</parentId>
		<storeID>iCEFFB4ECA4A848779EEEB9BFC0B21735</storeID>
		<props>
			<creationTime>
				<value>2007-04-09T15:37:54.427Z</value>
			</creationTime>
			<modificationTime>
				<value>2007-04-09T15:37:54.427Z</value>
			</modificationTime>
			<name>
				<value><item><locale xsi:type="xsd:string">en-us</locale><value xsi:type="xsd:string">Speedometer - Revenue</value></item>
</value>
			</name>
			<owner>
				<value><item><searchPath xsi:type="cm:stringProp">
	<value xsi:type="xsd:string" xml:space="preserve">CAMID(&quot;::Anonymous&quot;)</value>
</searchPath>
<storeID xsi:type="cm:guidProp">
	<value xsi:type="cm:guid" xml:space="preserve">xOjpBbm9ueW1vdXM_</value>
</storeID></item>
</value>
			</owner>
			<displaySequence>
				<value>0</value>
			</displaySequence>
			<hidden>
				<value>false</value>
			</hidden>
			<viewed>
				<value>false</value>
			</viewed>
			<target>
				<value><item><searchPath xsi:type="cm:stringProp">
	<value xsi:type="xsd:string" xml:space="preserve">/content/package[@name=&apos;Commerce (Model)&apos;]/report[@name=&apos;Speedometer - Revenue&apos;]</value>
</searchPath>
<storeID xsi:type="cm:guidProp">
	<value xsi:type="cm:guid" xml:space="preserve"></value>
</storeID></item>
</value>
			</target>
		</props>
	</object>
	<object>
		<class>shortcut</class>
		<name>Speedometer - Orders</name>
		<parentId>14</parentId>
		<storeID>i748CBE636689428B83B007A7019F13E7</storeID>
		<props>
			<creationTime>
				<value>2007-04-09T15:38:31.723Z</value>
			</creationTime>
			<modificationTime>
				<value>2007-04-09T15:38:31.723Z</value>
			</modificationTime>
			<name>
				<value><item><locale xsi:type="xsd:string">en-us</locale><value xsi:type="xsd:string">Speedometer - Orders</value></item>
</value>
			</name>
			<owner>
				<value><item><searchPath xsi:type="cm:stringProp">
	<value xsi:type="xsd:string" xml:space="preserve">CAMID(&quot;::Anonymous&quot;)</value>
</searchPath>
<storeID xsi:type="cm:guidProp">
	<value xsi:type="cm:guid" xml:space="preserve">xOjpBbm9ueW1vdXM_</value>
</storeID></item>
</value>
			</owner>
			<displaySequence>
				<value>0</value>
			</displaySequence>
			<hidden>
				<value>false</value>
			</hidden>
			<viewed>
				<value>false</value>
			</viewed>
			<target>
				<value><item><searchPath xsi:type="cm:stringProp">
	<value xsi:type="xsd:string" xml:space="preserve">/content/package[@name=&apos;Commerce (Model)&apos;]/report[@name=&apos;Speedometer - Orders&apos;]</value>
</searchPath>
<storeID xsi:type="cm:guidProp">
	<value xsi:type="cm:guid" xml:space="preserve"></value>
</storeID></item>
</value>
			</target>
		</props>
	</object>
	<object>
		<class>shortcut</class>
		<name>Speedometer - Visits</name>
		<parentId>14</parentId>
		<storeID>i5AC958A00EF543E0BDC4059B307E3EBD</storeID>
		<props>
			<creationTime>
				<value>2007-05-14T18:14:09.027Z</value>
			</creationTime>
			<modificationTime>
				<value>2007-05-14T18:14:09.027Z</value>
			</modificationTime>
			<name>
				<value><item><locale xsi:type="xsd:string">en-us</locale><value xsi:type="xsd:string">Speedometer - Visits</value></item>
</value>
			</name>
			<owner>
				<value><item><searchPath xsi:type="cm:stringProp">
	<value xsi:type="xsd:string" xml:space="preserve">CAMID(&quot;::Anonymous&quot;)</value>
</searchPath>
<storeID xsi:type="cm:guidProp">
	<value xsi:type="cm:guid" xml:space="preserve">xOjpBbm9ueW1vdXM_</value>
</storeID></item>
</value>
			</owner>
			<displaySequence>
				<value>0</value>
			</displaySequence>
			<hidden>
				<value>false</value>
			</hidden>
			<viewed>
				<value>false</value>
			</viewed>
			<target>
				<value><item><searchPath xsi:type="cm:stringProp">
	<value xsi:type="xsd:string" xml:space="preserve">/content/package[@name=&apos;Commerce (Model)&apos;]/report[@name=&apos;Speedometer - Visits&apos;]</value>
</searchPath>
<storeID xsi:type="cm:guidProp">
	<value xsi:type="cm:guid" xml:space="preserve"></value>
</storeID></item>
</value>
			</target>
		</props>
	</object>
	<object>
		<class>shortcut</class>
		<name>Movers and Shakers (Yesterday)</name>
		<parentId>15</parentId>
		<storeID>i218121CB146747A790FF9A896040FE8D</storeID>
		<props>
			<creationTime>
				<value>2007-05-24T17:03:13.783Z</value>
			</creationTime>
			<modificationTime>
				<value>2007-05-24T17:03:13.783Z</value>
			</modificationTime>
			<name>
				<value><item><locale xsi:type="xsd:string">en-us</locale><value xsi:type="xsd:string">Movers and Shakers (Yesterday)</value></item>
</value>
			</name>
			<owner>
				<value><item><searchPath xsi:type="cm:stringProp">
	<value xsi:type="xsd:string" xml:space="preserve">CAMID(&quot;::Anonymous&quot;)</value>
</searchPath>
<storeID xsi:type="cm:guidProp">
	<value xsi:type="cm:guid" xml:space="preserve">xOjpBbm9ueW1vdXM_</value>
</storeID></item>
</value>
			</owner>
			<displaySequence>
				<value>0</value>
			</displaySequence>
			<hidden>
				<value>false</value>
			</hidden>
			<viewed>
				<value>false</value>
			</viewed>
			<target>
				<value><item><searchPath xsi:type="cm:stringProp">
	<value xsi:type="xsd:string" xml:space="preserve">/content/package[@name=&apos;Commerce (Model)&apos;]/report[@name=&apos;Movers and Shakers (Yesterday)&apos;]</value>
</searchPath>
<storeID xsi:type="cm:guidProp">
	<value xsi:type="cm:guid" xml:space="preserve"></value>
</storeID></item>
</value>
			</target>
		</props>
	</object>
  </objects>
</archive>
